{"Adoption Rate": {"S1": [0.8452942016182103, 0.009779377182479537, -0.014489428285998219, -0.008619175182703841, -0.002205984023592231, 0.0024654470052104306, -0.01073332038918764], "ST": [0.9282071475240021, 0.11909650490771412, 0.05470486429075098, 0.009936524909476666, 0.0002945790733719627, 0.0015537402118396368, 0.050606819119209556], "S2": [[NaN, 0.004918052282531976, -0.0027741165261014663, -0.016351961435307916, -0.021532374660445722, -0.028422717599473436, 0.01135510708503753], [NaN, NaN, -0.00787265274779615, -0.01847054148847824, -0.0159417590743331, -0.0169969661661275, -0.014442671449384317], [NaN, NaN, NaN, 0.016916818741248837, 0.011877612711213677, 0.009921762656617946, 0.021928370143166592], [NaN, NaN, NaN, NaN, 0.016020407453501924, 0.015282516028961144, 0.015520137186894246], [NaN, NaN, NaN, NaN, NaN, 0.0017724582578326812, 0.002028736276701847], [NaN, NaN, NaN, NaN, NaN, NaN, 0.0022218133641349475], [NaN, NaN, NaN, NaN, NaN, NaN, NaN]], "S1_conf": [0.1290134064593498, 0.06211018581754556, 0.03927551016629224, 0.013734467345882649, 0.002228898014473117, 0.007602636852263959, 0.044543396858656756], "ST_conf": [0.12510875303438038, 0.05304161448042449, 0.01825980335310417, 0.013903663536861439, 0.00027765750173433474, 0.0019428739978830285, 0.03682121319095046]}, "Avg_F_Satisfaction": {"S1": [0.020276457335490734, 0.4319673305206937, 0.22346462176332624, 0.007026899866541125, 0.008844563858057233, -0.006982631948633338, 0.07405101604853398], "ST": [0.0988956875764436, 0.6796995645115258, 0.5859041208104148, 0.08076043624644598, 0.005909286067794195, 0.028987090276103238, 0.11141840889986455], "S2": [[NaN, 0.020804669238019435, 0.05280968509765996, 0.018656218617539147, 0.0407955132099197, 0.04589334304328381, 0.018349603905144646], [NaN, NaN, 0.17667372156641528, 0.008613922403213759, -0.013111640531838022, 0.011931983477821522, -0.07535062917386509], [NaN, NaN, NaN, 0.07080944806888428, 0.07541524371981878, 0.07871319318951676, 0.0031291223846140193], [NaN, NaN, NaN, NaN, -0.010533917903809399, -0.011901181368439002, -0.005424762841840916], [NaN, NaN, NaN, NaN, NaN, -0.009323470504091148, -0.012940696105448096], [NaN, NaN, NaN, NaN, NaN, NaN, 0.01847334214239016], [NaN, NaN, NaN, NaN, NaN, NaN, NaN]], "S1_conf": [0.04933469550687946, 0.13854874140055343, 0.11881394923524122, 0.03485701645497432, 0.016144539349498842, 0.027038984634255143, 0.05672007869650372], "ST_conf": [0.02654444149026843, 0.14421232299092052, 0.12512673463800214, 0.06171169773496381, 0.0024605944971707646, 0.015366216489912904, 0.04267105348647339]}, "Avg_S_Satisfaction": {"S1": [0.2974781977954853, 0.17869401242290958, -0.005581703550170851, -0.03931195485701583, 0.0026831698571670327, 0.0035931506564834564, -0.006597742985841125], "ST": [0.4967473516674266, 0.611863948767878, 0.6097748111103961, 0.04325786916597175, 0.0019344137609452292, 0.003102101065856511, 0.1282313549785935], "S2": [[NaN, 0.028807136282554574, 0.08480161647525442, 0.03326281990622704, 0.004992802584748447, 0.0063578106845119785, 0.02984899286487833], [NaN, NaN, 0.14872258551102394, -0.13752344954816717, -0.15779335081562715, -0.16439490303668317, -0.08884652317651542], [NaN, NaN, NaN, -0.0018907888258212213, -0.01781621005442733, -0.021374263089252197, -0.039621366819285894], [NaN, NaN, NaN, NaN, 0.035867735185397744, 0.03776293456528553, 0.06128217186218397], [NaN, NaN, NaN, NaN, NaN, -0.0022009626163403463, -0.0006655787206531587], [NaN, NaN, NaN, NaN, NaN, NaN, -0.008024672884481145], [NaN, NaN, NaN, NaN, NaN, NaN, NaN]], "S1_conf": [0.11744140680817289, 0.16536407135669032, 0.14874916024174917, 0.04760412516320469, 0.009512738706788097, 0.009885335523778313, 0.053132943955942806], "ST_conf": [0.11851145385986517, 0.1260503200334931, 0.13207767367129786, 0.021432004202037898, 0.0011451106667652814, 0.001252555303550975, 0.04346634893287604]}, "Avg_P_Satisfaction": {"S1": [0.03736036746811883, 0.45853049400504264, 0.02926736070007848, 0.0795988968613806, -0.0013769709129680787, 0.00150738186235616, 0.033080665196732], "ST": [0.1009169746797567, 0.8338387823469383, 0.5013919122950654, 0.13942378818970405, 0.0014457603919919462, 0.013696728065929966, 0.14833310847882744], "S2": [[NaN, -0.01860309814994704, -0.03034617828296545, -0.0689586679414717, -0.060103663762628975, -0.05994447445331175, -0.04720021462148696], [NaN, NaN, 0.1277662891838001, -0.06630672079043164, 0.012587994040957461, 0.008107456187807394, 0.020490891086002577], [NaN, NaN, NaN, -0.05131453331236182, -0.019331380256418274, -0.014990293801021865, -0.03531314237476038], [NaN, NaN, NaN, NaN, -0.10570456264737202, -0.10001434182942558, -0.11547966764713036], [NaN, NaN, NaN, NaN, NaN, 0.008356909249826381, 0.006317155237493856], [NaN, NaN, NaN, NaN, NaN, NaN, -0.007225314168370776], [NaN, NaN, NaN, NaN, NaN, NaN, NaN]], "S1_conf": [0.05842027437277301, 0.16283906356984676, 0.11510247989729476, 0.07391539709752319, 0.0044163740577776766, 0.009605456250336398, 0.06487921013963828], "ST_conf": [0.0570505940878986, 0.15051203181507006, 0.12762772564185632, 0.08549420239698031, 0.0013868845024889581, 0.018051134739339964, 0.05331304048939481]}, "Avg_F_Uncertainty": {"S1": [0.28219912242593753, 0.1375265901666539, 0.09865650968678999, -0.025814992728337937, 0.011592085273694486, 0.008528929212039045, -0.042970531963580444], "ST": [0.43114183335088374, 0.47209056539020966, 0.38019918301531297, 0.11842493438165899, 0.015164862800155934, 0.04340754281045726, 0.2941258171585171], "S2": [[NaN, 0.06272832606287512, 0.04855154344655707, 0.043738751743729556, 0.02896152798613283, 0.025986582983808376, 0.03797886117529828], [NaN, NaN, -0.04663371057323831, -0.06377731634990112, -0.07313364514226803, -0.0795073601045606, -0.0007467818587368474], [NaN, NaN, NaN, -0.08572374129751158, -0.07442067047504186, -0.07846800490421114, -0.08319384269344904], [NaN, NaN, NaN, NaN, -0.008718133158959248, 0.005340349413832423, 0.013971105921261964], [NaN, NaN, NaN, NaN, NaN, -0.01605713086935605, 0.002347959659739919], [NaN, NaN, NaN, NaN, NaN, NaN, -0.0037398393770232546], [NaN, NaN, NaN, NaN, NaN, NaN, NaN]], "S1_conf": [0.13937307457045384, 0.09244716921275338, 0.0956250022152481, 0.055568453831637846, 0.025831311150093367, 0.022405222782290377, 0.11795109388092788], "ST_conf": [0.10097269776527866, 0.11965058778956247, 0.12149728415022902, 0.1175110143623879, 0.005850957719459153, 0.02378604671960238, 0.12655622858565974]}, "Avg_S_Uncertainty": {"S1": [0.6379405067131066, 0.06417715249223634, -0.004854994596071091, -0.0321570308500086, -0.0027255435637999264, 0.006466856847834211, -0.037982952746564554], "ST": [0.7953998513949438, 0.2905412353044728, 0.25001779151821724, 0.03212965611751684, 0.0007030256380018922, 0.003105663691535142, 0.13998153240839065], "S2": [[NaN, -0.05971586427419186, -0.018017460314365345, -0.00649755622239994, -0.039324858465334754, -0.05056556025821335, 0.0359625638759768], [NaN, NaN, -0.021537279184333007, -0.10104449849469122, -0.10292929628534697, -0.10830416954192724, -0.07136717176824678], [NaN, NaN, NaN, 0.024050733432481954, 0.01147215268309976, 0.0038544157554962506, 0.04552293806989897], [NaN, NaN, NaN, NaN, 0.019576916573567797, 0.0185185646881518, 0.017072183563575198], [NaN, NaN, NaN, NaN, NaN, 0.0017794987634711743, 0.0019989294212811037], [NaN, NaN, NaN, NaN, NaN, NaN, 0.00010122852585039976], [NaN, NaN, NaN, NaN, NaN, NaN, NaN]], "S1_conf": [0.1308551287526277, 0.11884957862307757, 0.08257218921002715, 0.027485200100382697, 0.003973507108992556, 0.013941516428200827, 0.07321526858022884], "ST_conf": [0.13503686672330664, 0.10174272283330611, 0.0759790691911394, 0.026831544964974377, 0.0003057920716078794, 0.0040646003088401035, 0.060158142882405057]}, "Avg_P_Uncertainty": {"S1": [0.034425160159011724, 0.15902093251898478, 0.11987900672047495, 0.003651464426780106, 0.007595173207271734, -0.004142904810805002, 0.008338373157898588],