{"Adoption Rate": {"S1": [0.8433729117082137, 0.03003054723249061, -0.016403079452508205, 0.011915053272701997, 0.0005376551060114011, -0.014066200107149873, -0.022654643271267264], "ST": [0.9374578176647999, 0.08153990992161034, 0.10689401198237879, 0.026527938601095463, 0.00043049501012429293, 0.020476397387534723, 0.04170482369275661], "S2": [[NaN, -0.04574076788291477, -0.005925474913417862, -0.06461780957203585, -0.052016337376043116, -0.02531644214042883, -0.0006774595732336706], [NaN, NaN, -0.02110561286938685, -0.032017440879510466, -0.03009398432772818, -0.03167536661642341, -0.02827169225953009], [NaN, NaN, NaN, 0.027212630823250275, 0.01890337935918742, 0.026691674918862505, 0.022915189996304822], [NaN, NaN, NaN, NaN, -0.01123819994342676, -0.012737861405200925, -0.012227192440348224], [NaN, NaN, NaN, NaN, NaN, -0.0004162172252634745, 5.5095096619377226e-05], [NaN, NaN, NaN, NaN, NaN, NaN, 0.009709329165369842], [NaN, NaN, NaN, NaN, NaN, NaN, NaN]], "S1_conf": [0.1274382845045259, 0.04531104356935836, 0.05818657201242998, 0.03853020622805001, 0.00225513686803513, 0.023246387617469964, 0.03596725665500058], "ST_conf": [0.12980088657599018, 0.021680666641070358, 0.03901945316080635, 0.028585487439385663, 0.0004942525466933527, 0.025549206934426666, 0.019343032042635783]}, "Avg_F_Satisfaction": {"S1": [0.012718309258454045, 0.2545292541317701, 0.3072387331419832, -0.03277076880365872, 0.0001989173504655207, -0.006963189296985884, 0.08596969365453037], "ST": [0.08637267235700238, 0.5681387984919485, 0.6953382568158357, 0.17035555374512082, 0.005601468521912631, 0.10607904120336574, 0.14589015745196765], "S2": [[NaN, 0.023332484535916076, 0.04989881643904753, 0.02646267994137777, 0.04058768606205979, 0.035935719787465195, 0.033465602386550844], [NaN, NaN, 0.2456871193885221, 0.08111890385495804, -0.0026729854969991906, -0.013946580682065701, -0.023230474694599254], [NaN, NaN, NaN, 0.21004329698246213, 0.13949623069347755, 0.13010535717571767, 0.03110468772475468], [NaN, NaN, NaN, NaN, 0.03422144176470696, 0.03343843549950202, 0.020970867616316377], [NaN, NaN, NaN, NaN, NaN, 0.000985847333248655, -0.0022150738831106936], [NaN, NaN, NaN, NaN, NaN, NaN, -0.0060082085021489345], [NaN, NaN, NaN, NaN, NaN, NaN, NaN]], "S1_conf": [0.04526957919948218, 0.1322682991525217, 0.13996212446918355, 0.12229133475020573, 0.010498791439823374, 0.03355173834695805, 0.07845026590881392], "ST_conf": [0.020772122770292382, 0.13064624506827438, 0.14949238841043316, 0.23210396773797146, 0.0039804777449181485, 0.1539411395866618, 0.06800658613222381]}, "Avg_S_Satisfaction": {"S1": [0.26899218503155514, 0.10954431318335653, -0.015235490195421475, -0.024635050715464492, -0.0026743471698657726, -0.03178184448363278, -0.0235394100992795], "ST": [0.4914431266653601, 0.6009895294759503, 0.6007655887038369, 0.04057650027567748, 0.0016910289436754952, 0.020061712904459968, 0.15111929532361298], "S2": [[NaN, 0.07104612654050654, 0.09706247038765398, 0.03883261492365501, 0.033935673291721334, 0.05656922319269823, 0.0557007333329657], [NaN, NaN, 0.19179362665252989, -0.12106345859267664, -0.13564204367169433, -0.12450500856436447, -0.046509927187350725], [NaN, NaN, NaN, -0.009173128584645217, -0.05214292097292716, -0.03499752610743565, -0.014572972348754442], [NaN, NaN, NaN, NaN, 0.04291101359788929, 0.043117865883014514, 0.053901849780116334], [NaN, NaN, NaN, NaN, NaN, 0.003016456661509428, 0.0043501305209203735], [NaN, NaN, NaN, NaN, NaN, NaN, 0.02959410005529965], [NaN, NaN, NaN, NaN, NaN, NaN, NaN]], "S1_conf": [0.10315937282359823, 0.14760083592168724, 0.11948025771522244, 0.035132542717977944, 0.006704431053029646, 0.03350047774640139, 0.06930284764283233], "ST_conf": [0.12058125727249978, 0.12637365140937207, 0.1350003850042498, 0.024536680131510263, 0.0009985585255821625, 0.02351562623279582, 0.056310654234121384]}, "Avg_P_Satisfaction": {"S1": [-0.016161551971727396, 0.16006436484445882, 0.1047900696136913, -0.020633521905285782, -0.009804626032644256, -0.028728546224626245, -0.008740966770675663], "ST": [0.09871727487960653, 0.7602040977045788, 0.6766414924622833, 0.09980865590825824, 0.005572397762490403, 0.011821050054279168, 0.14761182132767317], "S2": [[NaN, 0.044343384418711995, 0.0041265904415205, -0.028019100146942953, -0.03211065796638558, -0.03382985797549122, -0.015538589574406134], [NaN, NaN, 0.31063436176781767, 0.09406913049259863, 0.07340869343281736, 0.09543056413343752, 0.11188302553961814], [NaN, NaN, NaN, -0.04609183144302964, -0.08188049467403155, -0.06545762220006887, -0.1126598309973982], [NaN, NaN, NaN, NaN, 0.007715780562059009, 0.009203276041323823, -0.0010868050851934059], [NaN, NaN, NaN, NaN, NaN, 0.007958530627506392, 0.010230946554245992], [NaN, NaN, NaN, NaN, NaN, NaN, 0.03864621032834969], [NaN, NaN, NaN, NaN, NaN, NaN, NaN]], "S1_conf": [0.06409966302220955, 0.15741411630097543, 0.1346144831191494, 0.06862491036397625, 0.022042402985087996, 0.026154207653120966, 0.06374948516688195], "ST_conf": [0.043805460539439255, 0.13198713498599846, 0.14619753118984807, 0.062394461372356956, 0.007781677028879593, 0.009459253414621801, 0.047953991182680754]}, "Avg_F_Uncertainty": {"S1": [0.2751184380453331, 0.030996731762619217, 0.08392333093985993, -0.04951770630953009, -0.0022673236838281798, -0.032649184229116626, 0.07244228996790349], "ST": [0.4226842892569499, 0.4380280987533801, 0.49305259909041366, 0.2824139022133449, 0.013703209427306778, 0.14075275842367485, 0.33938412257325756], "S2": [[NaN, 0.08484000298979352, 0.014252622279496363, -0.01714775378220615, -0.009911640667162238, 0.009848457432387506, 0.025775316142337176], [NaN, NaN, 0.004697862216697449, 0.017417074989259027, -0.05513861362838125, -0.02295149376086794, -0.1833037506104928], [NaN, NaN, NaN, 0.03562096210038776, -0.03750378005060456, -0.011319510082521182, -0.13404489161822894], [NaN, NaN, NaN, NaN, 0.03413355388149375, 0.03561796043018588, 0.02487899739264314], [NaN, NaN, NaN, NaN, NaN, 0.0001510691170254208, 0.019781204415450365], [NaN, NaN, NaN, NaN, NaN, NaN, 0.030678586151594384], [NaN, NaN, NaN, NaN, NaN, NaN, NaN]], "S1_conf": [0.1502406451445833, 0.08774311383688845, 0.10487639122534975, 0.07251949574048432, 0.020472829522187562, 0.04618226006233789, 0.12168532039695874], "ST_conf": [0.08887938982634977, 0.12341643772186509, 0.12593612901272394, 0.2656987935872722, 0.005575974554314682, 0.10773904915521977, 0.13839586663270828]}, "Avg_S_Uncertainty": {"S1": [0.6189625663377525, 0.07978131006361719, -0.007599272733221638, 0.00806807734855076, 0.0019170905093389948, -0.020527203229056566, -0.06234457008295394], "ST": [0.7920502640233761, 0.2383678396408189, 0.33533194426392415, 0.053497318253449444, 0.0009937878910524567, 0.03412396387822577, 0.1361896727119885], "S2": [[NaN, -0.11779820402115901, -0.028577312060835528, -0.06541640333460653, -0.07157745226122927, -0.034473719781168845, 0.04247649588157135], [NaN, NaN, -0.027507870942368593, -0.11452693370048554, -0.10959010898791277, -0.1167837966991214, -0.08486839479412697], [NaN, NaN, NaN, 0.02076915443593611, -0.008984917409917324, 0.02121348388255877, 0.029342298253890356], [NaN, NaN, NaN, NaN, 0.002776637868840123, 0.0031361412788934104, -0.0030527774455433865], [NaN, NaN, NaN, NaN, NaN, -0.0007618341600191085, 0.00017201057579929735], [NaN, NaN, NaN, NaN, NaN, NaN, 0.017530340461983436], [NaN, NaN, NaN, NaN, NaN, NaN, NaN]], "S1_conf": [0.14420684379224527, 0.08733794742896855, 0.11058790570993474, 0.04661060730985548, 0.004788493839670879, 0.03833115883572034, 0.0626687722742475], "ST_conf": [0.15471319168495878, 0.08469485473759225, 0.10169820260196577, 0.05178491482891659, 0.0009979631276738545, 0.04122087948425086, 0.06323375759878455]}, "Avg_P_Uncertainty": {"S1": [0.036130077957333764, 0.10113406272138477, 0.21901550489948504, -0.02725886454665538, 0.0022697087319831053, -0.032476398725942025, 0.04504444010617433],