{"Adoption Rate": {"S1": [0.9116344158912295, 0.030780505435297156, 0.041391770388447685, 0.00244494585483457, -0.002677931224184823, -0.006432904960885213, -0.0011212933294867376, 0.009696089328273658], "ST": [1.0627448613786252, 0.04113083628220437, 0.07379316833041578, 0.02942590472335385, 0.0016867992821760183, 0.02159327271525939, 0.023457103568389693, 0.0457704520183269], "S2": [[NaN, 0.03582795868152559, 0.025721971274578398, 0.042335311544823395, 0.03235187447710144, 0.018963233100049097, 0.060246889741753185, 0.021081567556975704], [NaN, NaN, -0.0165744991495869, -0.02569673011667519, -0.024134230108229307, -0.0272062623944059, -0.018869437553371914, -0.016767170231016308], [NaN, NaN, NaN, -0.051810524788122314, -0.03911835333469867, -0.036406764918513884, -0.034169522134325, -0.039155090568828585], [NaN, NaN, NaN, NaN, -0.009712676822661274, -0.009671221309180656, -0.009602090348591967, -0.01111808984017813], [NaN, NaN, NaN, NaN, NaN, -0.011612143436285667, -0.011373385047797124, -0.011490304202298457], [NaN, NaN, NaN, NaN, NaN, NaN, 0.002592044827652592, 0.0025223180761886708], [NaN, NaN, NaN, NaN, NaN, NaN, NaN, -0.0030791306885128537], [NaN, NaN, NaN, NaN, NaN, NaN, NaN, NaN]], "S1_conf": [0.14176009538926948, 0.03684614598365391, 0.0443186307769053, 0.03291409424265979, 0.007238597059531857, 0.02672052578223075, 0.02620396289606924, 0.04088536457813804], "ST_conf": [0.13449129130067913, 0.012059706054432068, 0.04462540970842628, 0.03243266075967792, 0.0012167789595657836, 0.02520863792274015, 0.02190647825444421, 0.027484689622464847]}, "Avg_F_Satisfaction": {"S1": [-0.016850278681363715, 0.29524392629627305, 0.1517938972921742, -0.013060242072221541, 0.006447172224587658, 0.002281145869218841, -0.036469330588865576, 0.019335367418471555], "ST": [0.1034823327263728, 0.6004311125064519, 0.615332942600365, 0.07034078931901602, 0.017756951905189278, 0.05827217619346565, 0.1595456458091565, 0.21409176292135326], "S2": [[NaN, 0.022670207658666175, 0.03731944264424078, -0.011238665129419598, -0.010360295958448593, 0.00033960580840181054, -0.019902881495894503, -5.0479493839163114e-05], [NaN, NaN, 0.19516767400166665, 0.02134099082520117, 0.0065959325644327745, 0.017491021084622922, 0.07394975749131526, 0.041781781897265585], [NaN, NaN, NaN, 0.09412056265728869, 0.0897227739262326, 0.10660045328245907, 0.09380548065767015, 0.1737838115783953], [NaN, NaN, NaN, NaN, 0.014971983185469013, 0.01790118258445743, 0.004159500184933204, 0.023913607516440047], [NaN, NaN, NaN, NaN, NaN, 0.0309649408655938, 0.01056573846118828, 0.02408050675597565], [NaN, NaN, NaN, NaN, NaN, NaN, -0.00011840227674077969, 0.014069275579841015], [NaN, NaN, NaN, NaN, NaN, NaN, NaN, 0.03420764331763162], [NaN, NaN, NaN, NaN, NaN, NaN, NaN, NaN]], "S1_conf": [0.0468129514652852, 0.11849167269879382, 0.1022011699884269, 0.030635443543945727, 0.014969262005629744, 0.02936168243935298, 0.05109450704342085, 0.05532290139078056], "ST_conf": [0.030328201268906122, 0.137096554601306, 0.14861697205841595, 0.04840701302998681, 0.022506858366060728, 0.033402873425400346, 0.14153106506945023, 0.12884290940272156]}, "Avg_S_Satisfaction": {"S1": [0.13760246974841242, 0.10389517800795324, 0.007110415118060274, 0.012505649771860188, -0.00027952386821016636, -0.01064733838500263, 0.19253905320862913, 0.18539593121341194], "ST": [0.16171860547494823, 0.2036340999507784, 0.14018071219306874, 0.015726175556613823, 0.004541636232198896, 0.007811690911410122, 0.43399513183076105, 0.53613920283334], "S2": [[NaN, -0.012734778644548209, -0.0427118032762459, -0.06308425396054779, -0.05171538374623765, -0.05334333109457916, -0.01295002996514169, -0.037738922624676596], [NaN, NaN, 0.0807148274194765, 0.03271575648154928, 0.03302915463189319, 0.026883654326165265, -0.036303713613031696, 0.06701287645455647], [NaN, NaN, NaN, 0.012963628314704299, 0.01939029752673991, 0.023664408223505344, 0.021986598921898415, 0.03592202220639415], [NaN, NaN, NaN, NaN, -0.004050363680655701, -0.004270424696569205, -0.010826348860488444, -0.010512029884142765], [NaN, NaN, NaN, NaN, NaN, 0.004596123081756944, 0.002727444416999042, -0.002047770347613137], [NaN, NaN, NaN, NaN, NaN, NaN, 0.009242953713594376, 0.004795496887158385], [NaN, NaN, NaN, NaN, NaN, NaN, NaN, 0.23165798785290784], [NaN, NaN, NaN, NaN, NaN, NaN, NaN, NaN]], "S1_conf": [0.08093696229964076, 0.07342612441904335, 0.05425848704927028, 0.016065466302633457, 0.00816321567708871, 0.018513118596744843, 0.1434696733262642, 0.1544902899092631], "ST_conf": [0.049476239070451386, 0.060198899640987825, 0.05243449777171824, 0.015181143657255012, 0.0033321407748333576, 0.006939153090253128, 0.1272963801650145, 0.18397423287779882]}, "Avg_P_Satisfaction": {"S1": [0.00398714769316006, 0.40045437879914125, 0.054696038117428944, -0.05718712521506697, -0.005410698340279643, -0.010096526116888141, -0.0299363523113008, -0.06915118606065505], "ST": [0.10820907056939218, 0.8602699233008547, 0.5637850956209214, 0.11592532937620245, 0.04121391927503282, 0.04928217985189346, 0.21050120212140402, 0.24698411778448073], "S2": [[NaN, -0.0208661952072991, 0.020624847650864933, 0.01587791594862855, 0.02108603668210876, 0.020874694798743876, 0.023740123968983635, 0.07916040308716246], [NaN, NaN, 0.16643298067970502, 0.08242951870489901, 0.04822461135240903, 0.030311937554214886, 0.07239944382524814, 0.11362163983184252], [NaN, NaN, NaN, -0.02789105623846541, -0.09903571815889893, -0.09674614724430089, -0.062417642101046694, 0.007853214505811904], [NaN, NaN, NaN, NaN, 0.06363029500700243, 0.06746892153983369, 0.062417726225093034, 0.102168666772639], [NaN, NaN, NaN, NaN, NaN, -0.0037035348737646644, 0.007888715630772633, 0.06319438775664346], [NaN, NaN, NaN, NaN, NaN, NaN, 0.021067359063281277, 0.054624274363810475], [NaN, NaN, NaN, NaN, NaN, NaN, NaN, 0.12106505771082224], [NaN, NaN, NaN, NaN, NaN, NaN, NaN, NaN]], "S1_conf": [0.040588077717805246, 0.1570552217622799, 0.12130029236567487, 0.07292772659913309, 0.03115787184051526, 0.038131714369251744, 0.0672889421881535, 0.08542897995216496], "ST_conf": [0.05339599384624753, 0.15076597887486115, 0.13655814896804538, 0.09043473978446262, 0.05608841427911948, 0.05610305455848694, 0.09804325237199968, 0.08486616203792262]}, "Avg_F_Uncertainty": {"S1": [0.34053311699756217, 0.09638103779999214, 0.07615706238009433, 0.04873118784482957, 0.019216993489137312, 0.05913448326924326, 0.01151857538047685, 0.1085046571506788], "ST": [0.6119893030476792, 0.5220672848067749, 0.6257113350722908, 0.1611229913572212, 0.07846636737374242, 0.1568118883705262, 0.33637295183613153, 0.38844850181420304], "S2": [[NaN, 0.06766522879375496, 0.008376322904130443, 0.026590431156169582, 0.022722932058906176, -0.004169097983189547, 0.05392335376687102, 0.042799740360410024], [NaN, NaN, 0.07204330927301335, 0.06861654827865502, 0.05399579492153267, 0.04110441510592109, 0.1591071976293879, -0.00300077283096295], [NaN, NaN, NaN, -0.11498873796684048, -0.07501700544891596, -0.1084020086914726, -0.14703404350121038, -0.16843625810941898], [NaN, NaN, NaN, NaN, -0.04193402931370291, -0.024004437202305218, -0.02762089128373768, -0.0490375822638827], [NaN, NaN, NaN, NaN, NaN, -0.008271797716065392, -0.011020368007924603, -0.02677192679548035], [NaN, NaN, NaN, NaN, NaN, NaN, -0.02534528613933785, -0.04856243516669342], [NaN, NaN, NaN, NaN, NaN, NaN, NaN, 0.012158338109693093], [NaN, NaN, NaN, NaN, NaN, NaN, NaN, NaN]], "S1_conf": [0.12911171413625142, 0.10305860445389405, 0.12337845201403323, 0.056399875424686656, 0.04811637993520021, 0.050751245221120664, 0.1014994452568364, 0.11055744444533798], "ST_conf": [0.1525325238284298, 0.18992407629708147, 0.25030323781329755, 0.1308072679740693, 0.0832588120011779, 0.13596750394704368, 0.18373106447637036, 0.1739266300203457]},