{"Adoption Rate": {"S1": [0.53805666040506, 0.027533183303235283, 0.01584222020059111, -0.004691333053999253, -0.0007848876844685183, -0.002338146487477613, -0.0068011661390655715], "ST": [0.795915243114797, 0.1579933101004397, 0.2151736361592626, 0.04604629324066805, 4.9386136506852864e-05, 0.01728113751934921, 0.15376784195697743], "S2": [[NaN, 0.04669952194631577, 0.06096370788866957, 0.01926215288398701, 0.013737692840019713, 0.019651458358918864, 0.005280020340210699], [NaN, NaN, -0.06540210722404682, -0.08697463336408154, -0.09049820853775284, -0.09094991754037791, -0.07800860643511923], [NaN, NaN, NaN, 0.06407384076205418, 0.043919729710794955, 0.04337561041399146, 0.06334753752587641], [NaN, NaN, NaN, NaN, 0.00472118224781605, 0.0041138173967087965, 0.02219177150188014], [NaN, NaN, NaN, NaN, NaN, 0.0016819278963052797, 0.001053393305464008], [NaN, NaN, NaN, NaN, NaN, NaN, -0.03547652138688647], [NaN, NaN, NaN, NaN, NaN, NaN, NaN]], "S1_conf": [0.12908377459534362, 0.062103389880160106, 0.0837287407500245, 0.04012855208533775, 0.001353045541393939, 0.019914447211331204, 0.06730606130116144], "ST_conf": [0.13308860305470055, 0.056581424104619846, 0.06559120964567182, 0.03273058711547825, 2.5922496440102504e-05, 0.024918441519461987, 0.07050156706496337]}, "Avg_F_Satisfaction": {"S1": [0.011788688503405002, 0.35844751847191214, 0.42615881803964, -0.011562126469670628, -0.0033130943648838783, -0.008003567855958247, 0.029183494201669494], "ST": [0.12938144599038517, 0.5241341424131802, 0.6354361268745948, 0.05236083738024673, 0.0023399286409825706, 0.033881183594371395, 0.3027616684140553], "S2": [[NaN, 0.02606694919487923, 0.033923326133076026, 0.028825566790705, 0.029920489555292067, 0.0217391693114274, 0.05030964363943166], [NaN, NaN, 0.024994480449490875, -0.03572382695325145, -0.02306114248403716, -0.005660301924179203, 0.06767124138412023], [NaN, NaN, NaN, 0.0005572747261449046, -0.006811095801100992, -0.0030692917944089484, 0.02966804694073449], [NaN, NaN, NaN, NaN, 0.06285141723483936, 0.06604632691769916, 0.07165479376702745], [NaN, NaN, NaN, NaN, NaN, 0.007132133751672295, 0.010454521704101497], [NaN, NaN, NaN, NaN, NaN, NaN, -0.03241582458992628], [NaN, NaN, NaN, NaN, NaN, NaN, NaN]], "S1_conf": [0.06825801369657858, 0.12109072049201063, 0.1448018996940482, 0.03925896535272233, 0.0089342279943573, 0.02641513076878354, 0.15115037507408735], "ST_conf": [0.05181428564572774, 0.14143615879755617, 0.1738296830790136, 0.02670362138300638, 0.0017557919364153713, 0.023173029376743495, 0.15092086916538489]}, "Avg_S_Satisfaction": {"S1": [0.21301682035882605, 0.13861023432273947, 0.16562096164114942, -0.014495252732813607, 0.0014526300005888921, 0.00363979067272693, 0.054796604149899925], "ST": [0.43412299472743743, 0.5878678608577277, 0.7080605262698341, 0.10713437009339812, 0.0018254526511779733, 0.003873913648507206, 0.08004448714233879], "S2": [[NaN, -0.00279845994519079, 0.11774861275983223, -0.006747003892705822, -0.0007612600373059415, -0.004025462410266686, -0.009698841626646637], [NaN, NaN, 0.17995727036018866, -0.1287503484328058, -0.14975743259599192, -0.1458849733737118, -0.15977468827447117], [NaN, NaN, NaN, -0.05828111276219627, -0.0749049079355046, -0.07263543484725568, -0.08447901319232393], [NaN, NaN, NaN, NaN, -0.0021895335552559827, -0.00386240684434906, 0.004350329854572073], [NaN, NaN, NaN, NaN, NaN, -0.001972730349083151, -0.0007856480780574909], [NaN, NaN, NaN, NaN, NaN, NaN, 0.005686179600656899], [NaN, NaN, NaN, NaN, NaN, NaN, NaN]], "S1_conf": [0.11812717989313119, 0.1838067470121633, 0.14222033319794378, 0.034304962985680316, 0.006832524163700628, 0.008289364007606789, 0.040490641986362555], "ST_conf": [0.1156689500702731, 0.11709547704217081, 0.16106327114659277, 0.06862243045038248, 0.0010709785082388154, 0.0028750869165983005, 0.03743673913733231]}, "Avg_P_Satisfaction": {"S1": [-0.003982285895367353, 0.2973912936835959, 0.2807895452400601, -0.018886815028910178, -0.0024538196021715855, 0.011875213505209526, 0.005444954729763403], "ST": [0.0760079718040459, 0.7509688353190928, 0.6573841309148062, 0.13702007529599322, 0.000880040806441016, 0.028403087661466687, 0.22183138726880702], "S2": [[NaN, 0.0234175503315307, 0.011508402424445785, -0.023522878504151624, -0.02544173965130557, -0.03512312124277632, -0.03482541920825158], [NaN, NaN, 0.18453627961689756, 0.04533473040527883, 0.039188949214585184, 0.031779276427723616, 0.034516215570923506], [NaN, NaN, NaN, -0.11823862951897238, -0.11386999986926052, -0.1256807505080771, -0.08156875627029643], [NaN, NaN, NaN, NaN, 0.017858480595437817, 0.017171702253731765, 0.0075423277047688315], [NaN, NaN, NaN, NaN, NaN, 0.003017191534341851, 0.0031140401054814623], [NaN, NaN, NaN, NaN, NaN, NaN, -0.027271832969994296], [NaN, NaN, NaN, NaN, NaN, NaN, NaN]], "S1_conf": [0.03722534765745719, 0.13981102706610776, 0.13183123910549593, 0.0509463198687779, 0.005356151115986115, 0.036865314654241865, 0.08621677150573584], "ST_conf": [0.047312412475466414, 0.11906572805028816, 0.12535270046519903, 0.06544735411743713, 0.0013691587348290705, 0.03964283891584936, 0.09275178901814372]}, "Avg_F_Uncertainty": {"S1": [0.08354215870962667, 0.14076136505073958, 0.26029557385389646, -0.05291515513166952, 0.0011134296357460326, -0.011187131333664373, 0.00997349963809068], "ST": [0.14844447572764788, 0.5514958617487338, 0.6017235228931924, 0.15451201210766743, 0.00303733638759002, 0.05428742495249827, 0.41885728546317363], "S2": [[NaN, 0.018397102425715045, 0.03415029512177831, -0.033833119702107194, -0.03072547357476771, -0.02821407914710013, 0.010844013349030701], [NaN, NaN, 0.17121811507952955, 0.05346315732923534, 0.04420238843607769, 0.0442469865189183, 0.13737226808911893], [NaN, NaN, NaN, -0.0061424987100128295, -0.019833364285809445, -0.014585885331221477, -0.0005251852752467447], [NaN, NaN, NaN, NaN, 0.10165007449147342, 0.10068485471389425, 0.09862913363512882], [NaN, NaN, NaN, NaN, NaN, 0.00422906774220335, 0.004879466555032713], [NaN, NaN, NaN, NaN, NaN, NaN, -0.00769569587137035], [NaN, NaN, NaN, NaN, NaN, NaN, NaN]], "S1_conf": [0.07897765739937083, 0.11138844340665632, 0.14773380811349818, 0.07557428638063711, 0.008400313121809949, 0.041257239836542926, 0.10741752363204267], "ST_conf": [0.045402580891320564, 0.15273949048574842, 0.13104059209063246, 0.08624286084386794, 0.001102135443867454, 0.04429109885491584, 0.14297737996786625]}, "Avg_S_Uncertainty": {"S1": [0.4003861094453524, 0.04696284099496265, 0.042009363167344035, -0.01720733102891649, 0.00025947291856736807, -0.009165470210817586, -0.0034142758582834092], "ST": [0.7078890207442411, 0.21901131163925824, 0.35246356298205866, 0.0725878146693898, 0.0016939149511060677, 0.03129185367990573, 0.1672289372330066], "S2": [[NaN, 0.0623603876024891, 0.07877636785237747, 0.0750659707917294, 0.07160712579549783, 0.08947244885267595, 0.028895280375254906], [NaN, NaN, -0.019312160834073118, -0.1083755172486587, -0.12830237311935783, -0.12102920007721583, -0.1555680199724999], [NaN, NaN, NaN, 0.1285457805728831, 0.09248667781438773, 0.09747380653878687, 0.11416297292818671], [NaN, NaN, NaN, NaN, -0.006670368498329127, -0.007522699681551273, 0.01185198188647773], [NaN, NaN, NaN, NaN, NaN, 0.003923877595415807, 0.000939126474690737], [NaN, NaN, NaN, NaN, NaN, NaN, -0.027598526872952188], [NaN, NaN, NaN, NaN, NaN, NaN, NaN]], "S1_conf": [0.13849073114005606, 0.0848559306651349, 0.09995554533171322, 0.0556181866615094, 0.007731356600940779, 0.04880151444637517, 0.07940943064542373], "ST_conf": [0.12717594045382427, 0.07542159340313112, 0.09462318288312879, 0.044924871958239534, 0.0015245808906115558, 0.03433851656775929, 0.06687823500073688]}, "Avg_P_Uncertainty": {"S1": [0.0006474433539502477, 0.029206953928428963, 0.10500859431367413, 0.006588193474763675, -0.0006232435517924733, 0.02286120473160388, 0.13372183633851942],