{"Adoption Rate": {"S1": [0.917953083998533, 0.0030456868987817046, 0.014847780237357878, 0.005780213566046391, 0.01619477281937481, -0.0007534262864385604, 0.0006649380068632397, -0.015749608497070182], "ST": [1.0530035435244964, 0.08043928888387095, 0.06865691971613852, 0.00439330580369056, 0.03183467403467177, 0.015478822102313772, 0.048788736042225694, 0.05033858343257299], "S2": [[NaN, 0.0682485588704077, -0.0055071293194150946, -0.0012607773728171377, -0.030220688830887184, 0.006934356635247626, 0.009030820030829386, 0.03746538566844903], [NaN, NaN, 0.028109492743686116, 0.0077188301003155695, 0.0066402652694410695, 0.0021498425763977827, 0.012604036670859974, 0.009140113095502049], [NaN, NaN, NaN, 0.003853731832349166, 0.0011374275084364838, 0.002125224137721026, -0.0004718099369908724, 0.005235812952187724], [NaN, NaN, NaN, NaN, 0.027285807824221204, 0.027039110672350236, 0.02773548727427842, 0.028163878043738565], [NaN, NaN, NaN, NaN, NaN, -0.01754054853705837, -0.017326468751158643, -0.016597030883750676], [NaN, NaN, NaN, NaN, NaN, NaN, 0.017097044171812174, 0.017644964131853083], [NaN, NaN, NaN, NaN, NaN, NaN, NaN, 0.027339514312287854], [NaN, NaN, NaN, NaN, NaN, NaN, NaN, NaN]], "S1_conf": [0.13304708582174224, 0.047656034347681495, 0.04903776843732653, 0.011388180141866497, 0.028807399570503975, 0.02328544995838006, 0.037091214507554655, 0.04066247046221676], "ST_conf": [0.1522182854851164, 0.040887294084101036, 0.036734571187213017, 0.003312890427361176, 0.03777641484631781, 0.024698961455182987, 0.03386384938652745, 0.03407036554412991]}, "Avg_F_Satisfaction": {"S1": [-0.01669644159400984, 0.3146952666358586, 0.11373711344345526, -0.010287344397600639, -0.024581764288458093, 0.0073635222345244744, -0.03514089953689073, 0.0018899267736461748], "ST": [0.112904598113794, 0.6432016080919847, 0.48462029857629546, 0.024799123936246913, 0.056827298302013524, 0.15075458428740804, 0.06834755699569632, 0.19184439590638652], "S2": [[NaN, 0.086810578063506, 0.024068859237021498, -0.002876688946120436, 0.0029464939135143177, -0.005289494191876412, -0.0112728866119002, 0.002960817193064985], [NaN, NaN, 0.3078424412528397, 0.11619421682246688, 0.1602131809801673, 0.03312814957734105, 0.15736631028486694, 0.17316602386678734], [NaN, NaN, NaN, 0.08056565462650658, 0.08120193447629882, 0.040919198371581346, 0.09317050196214917, 0.14369559104682514], [NaN, NaN, NaN, NaN, -0.013222645424284803, -0.025699397898754417, -0.02227241575423032, -0.015276797854700026], [NaN, NaN, NaN, NaN, NaN, 0.02061228270253239, 0.017417084511594804, 0.0329475737696477], [NaN, NaN, NaN, NaN, NaN, NaN, 0.011965315253577788, 0.018578512381988512], [NaN, NaN, NaN, NaN, NaN, NaN, NaN, 0.06987401385652538], [NaN, NaN, NaN, NaN, NaN, NaN, NaN, NaN]], "S1_conf": [0.06195260320686519, 0.13768986486802556, 0.11511133658881215, 0.027223628631386682, 0.029963251805747, 0.07420438653454113, 0.041336817638914225, 0.06849486282453963], "ST_conf": [0.033569292154370226, 0.13951435210517274, 0.12065718456777193, 0.011327503734991803, 0.08388507833750068, 0.20531420558002342, 0.029670745761263124, 0.08404450718890483]}, "Avg_S_Satisfaction": {"S1": [0.11967308004944205, 0.07004810535250787, -0.010799186120129377, 0.004656230403974943, -0.011330439705394312, -0.010514219076192158, 0.14345186210920177, 0.11811519057436445], "ST": [0.16229499078979948, 0.20429550340033134, 0.16446533891731344, 0.012275929254103342, 0.0067638409420593725, 0.0041692176428766966, 0.459363271917576, 0.46170004492612665], "S2": [[NaN, 0.02354787620820918, -0.0025303583921373225, -0.03271461527554726, -0.03246437161415998, -0.03178574750438437, 0.021232508231987607, -0.025431059410842033], [NaN, NaN, 0.1523344464988658, 0.06919516423370274, 0.07743366127058618, 0.08113145990139416, 0.0030893739479174454, 0.06306725906388569], [NaN, NaN, NaN, 0.030002442108739744, 0.041452151549154895, 0.03783179856360316, 0.06478326365489392, 0.03185225659654267], [NaN, NaN, NaN, NaN, -0.007449028334618092, -0.006743210476957556, -0.013245976196761461, -0.014399092577476041], [NaN, NaN, NaN, NaN, NaN, 0.011654563328601054, 0.007097782496232802, 0.008617384356142122], [NaN, NaN, NaN, NaN, NaN, NaN, 0.01655637120243436, -0.005468085426000635], [NaN, NaN, NaN, NaN, NaN, NaN, NaN, 0.2431231002105472], [NaN, NaN, NaN, NaN, NaN, NaN, NaN, NaN]], "S1_conf": [0.06661792701116136, 0.07708145826402499, 0.07233678693761703, 0.01937590037370321, 0.014845520537875015, 0.009191191228949142, 0.14529972372608443, 0.13005111795308946], "ST_conf": [0.05432768755460281, 0.07810909694691628, 0.05800972542806088, 0.008753854603949958, 0.0063363798246309925, 0.004101678017816354, 0.14931571964108528, 0.14360076094644175]}, "Avg_P_Satisfaction": {"S1": [-0.00011423669019801251, 0.4600466134390921, 0.05371227032035287, -0.0025820555647249254, -0.011858041441456552, -0.013224461510644894, 0.019911479398978194, 0.0368361676222546], "ST": [0.08303210428713531, 0.9062940449408678, 0.42255740585057394, 0.12189650769885532, 0.07198482971415657, 0.08425175157458036, 0.17413029489729956, 0.2482688406824188], "S2": [[NaN, 0.0215528240578704, 0.05777138226393643, 0.02429151297259813, 0.001999653539106524, 0.012878693006765864, 0.028453029548290973, -0.0307536100942438], [NaN, NaN, 0.16472392425975885, 0.18416573865674676, 0.12796541124024582, 0.11525669089409842, 0.14332675089470664, 0.13787698436216128], [NaN, NaN, NaN, -0.07599186471541597, -0.05890817942411668, -0.08013845073588156, -0.05690961395659777, -0.0823175857532972], [NaN, NaN, NaN, NaN, -0.039982711218242935, -0.0378108523343527, -0.028722752641003407, -0.039533552118777446], [NaN, NaN, NaN, NaN, NaN, 0.023561208332171183, 0.021540731323376056, -0.03565878656062752], [NaN, NaN, NaN, NaN, NaN, NaN, 0.0253213170677411, -0.021852321398053515], [NaN, NaN, NaN, NaN, NaN, NaN, NaN, -0.04319538033640435], [NaN, NaN, NaN, NaN, NaN, NaN, NaN, NaN]], "S1_conf": [0.03802592637243501, 0.14364973550328505, 0.09783353097786752, 0.049517712838575666, 0.0440709375071962, 0.05255386677990756, 0.06592312461634002, 0.09070424843747779], "ST_conf": [0.048246839963397015, 0.1817085380942338, 0.14678094678577014, 0.0918255649612679, 0.059340047270878375, 0.06610000725146703, 0.09444722881533776, 0.0788687100583966]}, "Avg_F_Uncertainty": {"S1": [0.2896775783423185, 0.037387938887225296, -0.0017191243464647482, -0.00901786436688888, -0.006127096801074267, 0.09323400932417802, -0.023707297362390398, -0.04957727873940072], "ST": [0.5259319014046131, 0.41812163365652666, 0.2582501149439005, 0.09238088775502137, 0.3040536355734272, 0.34938542349860513, 0.2839105728668774, 0.47806758028147045], "S2": [[NaN, 0.1765197187123967, 0.09546684211079547, 0.0720417457751674, -0.006618490918022129, 0.03716115488850569, 0.08351174131394544, 0.15869324134516877], [NaN, NaN, 0.13131139771175865, 0.12745922001405496, 0.16180906419998184, 0.08282259727958383, 0.15819108542757232, 0.1179795932702499], [NaN, NaN, NaN, -0.031114748517285545, -0.041594623209031366, -0.09755040740081898, -0.027944993365390705, 0.03645774581786135], [NaN, NaN, NaN, NaN, 0.009771077991254784, 0.008796450005495449, 0.009234182576727593, 0.052970170530597334], [NaN, NaN, NaN, NaN, NaN, -0.002120751780380112, -0.006667898534647131, -0.025452625966323854], [NaN, NaN, NaN, NaN, NaN, NaN, -0.06470715169377338, -0.06169699057807749], [NaN, NaN, NaN, NaN, NaN, NaN, NaN, 0.19412949184598732], [NaN, NaN, NaN, NaN, NaN, NaN, NaN, NaN]], "S1_conf": [0.10414469587935662, 0.0977152112319126, 0.06364450351476647, 0.031067039344011758, 0.035784873664149404, 0.1279208760862716, 0.05444428426542309, 0.13303837578872374], "ST_conf": [0.13319540988350045, 0.09774588994043845, 0.07541888586934671, 0.09776562415348809, 0.3114373298277947, 0.2537160531834891, 0.17608529285058144, 0.35101363490009774]},