{"Adoption Rate": {"S1": [0.8882392743987197, 0.009545025783906869, 0.03841860436998297, 0.0005772854759643735, -0.00913602867271457, -0.0017548941177175713, -0.018781132338612897, 0.015487677998129327], "ST": [1.051325841174408, 0.10321471115416103, 0.10738903645122182, 0.033588126630354875, 0.012149181295444561, 0.06498526830151849, 0.04440934116323253, 0.08296154819396921], "S2": [[NaN, 0.029594574681680863, -0.013091543688156307, 0.021011685948842385, 0.0131340824340509, 0.011609101792078198, 0.06463428079912159, -0.013348957129894916], [NaN, NaN, 0.05263440984336357, 0.05026620617936893, 0.04644441399421382, 0.0460009221026178, 0.051714995870322786, 0.056332993967261207], [NaN, NaN, NaN, -0.017322698477006057, -0.013121579711291563, -0.01565377197181157, -0.017166898360595168, -0.019852577015819273], [NaN, NaN, NaN, NaN, 0.04778330529282041, 0.04749537548042265, 0.04772764267101892, 0.05216972174633492], [NaN, NaN, NaN, NaN, NaN, -0.012698669632899019, -0.011863987386066154, -0.011221515427688115], [NaN, NaN, NaN, NaN, NaN, NaN, -0.02267090939603564, -0.026766339639342197], [NaN, NaN, NaN, NaN, NaN, NaN, NaN, 0.01790924022008271], [NaN, NaN, NaN, NaN, NaN, NaN, NaN, NaN]], "S1_conf": [0.13527471449250492, 0.06196689686456263, 0.05883269179470287, 0.030439058387113214, 0.016667933734505896, 0.04607327159737954, 0.03822279168878909, 0.04592790685944619], "ST_conf": [0.1456750389057272, 0.05550206205863943, 0.06213470927222414, 0.03452848172437953, 0.01757134813422931, 0.052429749453233074, 0.03977505631054807, 0.046632485586826644]}, "Avg_F_Satisfaction": {"S1": [-0.019574160009442565, 0.16615281511126534, 0.24125275529517448, -0.020114048137782857, -0.004903770969489562, -0.008509110841241086, -0.0002057412698874106, 0.020102941992861313], "ST": [0.10453779277353917, 0.566963028083499, 0.6741400984432421, 0.07028726436056974, 0.07830622108091882, 0.06265840526920806, 0.16109704712189044, 0.2010344439463248], "S2": [[NaN, 0.0418960637680503, 0.06858192677126612, 0.015121418871606715, 0.013130021219142994, 0.003531040265352914, 0.008081781354663083, -0.00807727970385207], [NaN, NaN, 0.3704988823960707, 0.13181173108349417, 0.0920791597686869, 0.12234194751023494, 0.0880337859235689, 0.10246320570062403], [NaN, NaN, NaN, 0.0742846877077348, 0.0498191033971304, 0.04266199971652448, 0.012689646260972558, 0.09002007800881753], [NaN, NaN, NaN, NaN, -0.05165018022381781, -0.04241743362504519, -0.03448211058001003, -0.018725538493429342], [NaN, NaN, NaN, NaN, NaN, 0.004256718030300263, -0.00027501907362640336, -0.0006606710910853318], [NaN, NaN, NaN, NaN, NaN, NaN, -0.00417580431644577, 0.025384735049043844], [NaN, NaN, NaN, NaN, NaN, NaN, NaN, 0.012817920505649782], [NaN, NaN, NaN, NaN, NaN, NaN, NaN, NaN]], "S1_conf": [0.05340641373342896, 0.13627972519621848, 0.11557372573774424, 0.06440453160016069, 0.05987530327567376, 0.03963245402613195, 0.06894946330497788, 0.077128173341891], "ST_conf": [0.034111776677963224, 0.11154159918517555, 0.1899163097066851, 0.039476024442262815, 0.07878926888112234, 0.03562286559450124, 0.12122749368357315, 0.07414707483630287]}, "Avg_S_Satisfaction": {"S1": [0.11608377823172163, 0.08494659318247834, 0.016863384526757272, 0.0007479966848627843, -0.0015533028449191012, 0.0017322654463957944, 0.18849910424115834, 0.12257268626431254], "ST": [0.15867831737180044, 0.19695489609942904, 0.16775514975195271, 0.012791659469653617, 0.005249122536588509, 0.015990359226663347, 0.4489468442934554, 0.458435247716696], "S2": [[NaN, -0.0020953942343145404, 0.00025427268917932455, -0.056094122739391634, -0.047750877917074344, -0.0471166229834844, -0.009919195755981991, -0.04701434521386677], [NaN, NaN, 0.1304736737719353, 0.03926457208477375, 0.038944330507949584, 0.03455801518895768, -0.03616920338687707, 0.009767259729434721], [NaN, NaN, NaN, 0.002954502914933159, 0.0055223259266891905, 0.007432437444232211, 0.00398771369063361, 0.022662503398550096], [NaN, NaN, NaN, NaN, -0.0010625136083150773, -0.0006721305172081801, -0.02992077563465967, -0.02206425300514908], [NaN, NaN, NaN, NaN, NaN, -0.021064967108331573, -0.041548747918092155, -0.014896606916025831], [NaN, NaN, NaN, NaN, NaN, NaN, -0.032083921102925045, -0.019376420842268524], [NaN, NaN, NaN, NaN, NaN, NaN, NaN, 0.18009707736144154], [NaN, NaN, NaN, NaN, NaN, NaN, NaN, NaN]], "S1_conf": [0.06446905263854007, 0.07204819201446762, 0.06854040429581086, 0.020534151685642342, 0.011804885789954365, 0.017905491710162157, 0.18016431534095348, 0.12996320658511804], "ST_conf": [0.057382824958690216, 0.07804848395671234, 0.05061822236797435, 0.008489251892607387, 0.004771380055811277, 0.018079854545909838, 0.1474751871919136, 0.17377317960757613]}, "Avg_P_Satisfaction": {"S1": [-0.000897423356384213, 0.29338393763349224, 0.11192547247151133, 0.05472123872564059, -0.020079573333817376, -0.049379001626312424, -0.037014522008282834, -0.014330780403606901], "ST": [0.087898897824873, 0.9170373436552499, 0.504206208818312, 0.13327868425459652, 0.09454210423397791, 0.16017413971971528, 0.22908227402702616, 0.23511853453082396], "S2": [[NaN, -0.036383924795254485, 0.04547064372719947, -0.006912513751309128, 0.025104214223542726, 0.02907984467950402, 0.03972627393979223, 0.022250225681181828], [NaN, NaN, 0.2174270872674455, 0.08464167336983372, 0.09023139331840507, 0.08431321754899068, 0.07773555799942397, 0.07848936495049423], [NaN, NaN, NaN, -0.14085857974881433, -0.10148473199007113, -0.11414087461201597, -0.073588775215403, -0.13637370997790504], [NaN, NaN, NaN, NaN, -0.08788490068996237, -0.05996551565024451, -0.08323489605986215, -0.04891120443303562], [NaN, NaN, NaN, NaN, NaN, 0.02026420184587115, 0.020920630157567833, 0.01477547519127846], [NaN, NaN, NaN, NaN, NaN, NaN, 0.024134466777824493, 0.04910401092050202], [NaN, NaN, NaN, NaN, NaN, NaN, NaN, 0.056079508696885993], [NaN, NaN, NaN, NaN, NaN, NaN, NaN, NaN]], "S1_conf": [0.055699284077778105, 0.1752588393080447, 0.1030284357647829, 0.057022000548161936, 0.0588641248383181, 0.06902938799744722, 0.06932641111231129, 0.08705543303127737], "ST_conf": [0.04662815024924582, 0.14961620868045317, 0.12491745714783811, 0.07268359478387082, 0.06944977532330636, 0.0940761612442231, 0.09851229851695897, 0.0639826085179671]}, "Avg_F_Uncertainty": {"S1": [0.29877694030163, -0.00700681605019675, -0.008346163185314325, 0.10577392351528639, 0.03839111380160256, 0.0713282992246999, -0.01482929813711343, 0.016861600664591664], "ST": [0.5028469413258538, 0.5739278062823975, 0.3885552995884606, 0.18468403751112114, 0.21142877238261992, 0.2687893078181041, 0.4842130265427204, 0.5409818421901769], "S2": [[NaN, 0.062333420673503045, 0.016316456618635386, 0.003628930316611073, -0.02866844994711356, -0.0002404533076518639, 0.00026429026884223356, 0.07165195744033312], [NaN, NaN, 0.16534335563207853, 0.0814771237394569, 0.12162183872821944, 0.15863191198904636, 0.15469927713619883, 0.04283830322002073], [NaN, NaN, NaN, 0.01881420169713517, 0.09028633897869778, 0.06125422219774855, 0.1638397462340429, 0.02978484188415499], [NaN, NaN, NaN, NaN, -0.1469775410106558, -0.11741539605241996, -0.09695872812803191, -0.15195485109756826], [NaN, NaN, NaN, NaN, NaN, -0.006796130977118717, 0.0068890310652726695, -0.07072095449906898], [NaN, NaN, NaN, NaN, NaN, NaN, -0.03552193536341381, -0.04102061855942479], [NaN, NaN, NaN, NaN, NaN, NaN, NaN, 0.2609035372369387], [NaN, NaN, NaN, NaN, NaN, NaN, NaN, NaN]], "S1_conf": [0.10029586934733505, 0.10590626894642913, 0.12393935169273208, 0.08412870501133175, 0.06311231548071489, 0.07692262198292905, 0.07189989260218334, 0.15005844972415483], "ST_conf": [0.14013095649411836, 0.20879263171457918, 0.13428579931435658, 0.1175522772919935, 0.14865886921384736, 0.17434253051091386, 0.24626988785810067, 0.2613535440843266]}, "Avg_S_Uncertainty": {"S1": [0.6092153058897823, -0.04337692451743871, -0.012387159191605246, -0.008568808070472972, -0.016627300383101413, -0.004399222117462063, -0.01156433178937586, 0.04787750809122251],