{"Adoption Rate": {"S1": [0.8142628699744111, -0.01785809952708713, -0.006104238258756934, -0.010295277453256277, 0.003356110530892396, -0.024699283395353225, -0.024944435040942636, 0.009643792561445364, -0.01460889673573807], "ST": [0.9602543210410383, 0.12680252267281947, 0.1381766370678983, 0.079056321321212, 0.05809393612833456, 0.04954419637255049, 0.09077000372209296, 0.058952356390735386, 0.048351437953354365], "S2": [[NaN, 0.026517046453300847, 0.005979999756638311, 0.022850390614298353, -0.028678286947755358, -0.00890900335270571, 0.017420840644822033, -0.037498103453175766, -0.023520766462664537], [NaN, NaN, -0.017584728949850185, -0.011824596454519628, -0.02935914913503798, -0.0125796474462547, -0.024953914878621326, -0.0165169020530939, -0.02305256992101993], [NaN, NaN, NaN, -0.014233814167231401, -0.03672266758085917, -0.020027539500452496, -0.015629081813636234, -0.03738867580142592, -0.026127699184261353], [NaN, NaN, NaN, NaN, -0.025574530567410853, -0.02490753631246574, -0.021219796738372706, -0.024916690964978644, -0.024149710890666073], [NaN, NaN, NaN, NaN, NaN, -0.022690449318563524, -0.01957625307455575, -0.0240459469117074, -0.02199414470837118], [NaN, NaN, NaN, NaN, NaN, NaN, -0.014443946128958916, -0.01582440392568076, -0.014491314447135535], [NaN, NaN, NaN, NaN, NaN, NaN, NaN, -0.024678672284227925, -0.021606943187516055], [NaN, NaN, NaN, NaN, NaN, NaN, NaN, NaN, -0.058393769314460935], [NaN, NaN, NaN, NaN, NaN, NaN, NaN, NaN, NaN]], "S1_conf": [0.13158945964602936, 0.06459450279544789, 0.06467988142307966, 0.052795420930987436, 0.049959738133239756, 0.03993807603959074, 0.0576235740493197, 0.045334746715904595, 0.04468392494542372], "ST_conf": [0.12271437656400525, 0.05193750694395396, 0.05351835992664637, 0.04738349363607696, 0.038450038007677025, 0.03427959295924498, 0.040185325710213674, 0.040731916011558414, 0.03299451649592371]}, "Avg_F_Satisfaction": {"S1": [0.007995320536578475, 0.20556234931652365, 0.20917404895746744, -0.05278811556836457, 0.006603421764535395, -0.019989538913621152, -0.052633247832860115, -0.03712582604475435, -0.01950004327673336], "ST": [0.22652237230397054, 0.7030501742553752, 0.5929663865073908, 0.25509827100322374, 0.07739540950532442, 0.19678835507169223, 0.2081572804879071, 0.15148376895435184, 0.10824612787445831], "S2": [[NaN, 0.009698053655113392, -0.012779748941886132, 0.02997296789445033, 0.016479674712201246, -0.012026047525821176, 0.0034167030478328073, 0.041184346481266156, -0.004222166291585984], [NaN, NaN, 0.1954987375021136, 0.023948493547475212, 0.001718352352046714, 0.02013886749629068, 0.06397559588456136, 0.028698816497824776, -0.008797479015876207], [NaN, NaN, NaN, 0.0875926324814309, 0.03293186960826182, 0.05811976543326772, 0.0698365320923588, 0.05371602229859996, 0.03631752219416693], [NaN, NaN, NaN, NaN, 0.05668572094003374, 0.0555581245131475, 0.05705414201997124, 0.04064236030823817, 0.04482781243303438], [NaN, NaN, NaN, NaN, NaN, 0.028818265253252467, 0.046290862879109704, 0.030696713108986366, 0.03339198552534277], [NaN, NaN, NaN, NaN, NaN, NaN, 0.07826315486637339, 0.05924175971316112, 0.05620912024659355], [NaN, NaN, NaN, NaN, NaN, NaN, NaN, 0.06624869801306629, 0.06570337120532282], [NaN, NaN, NaN, NaN, NaN, NaN, NaN, NaN, 0.047353336845200225], [NaN, NaN, NaN, NaN, NaN, NaN, NaN, NaN, NaN]], "S1_conf": [0.06679260196782887, 0.13454447511591006, 0.1623951130016537, 0.07390984359382395, 0.04516618869574897, 0.05740420046977157, 0.05862213505454543, 0.04889605371742386, 0.03735148861474978], "ST_conf": [0.16667442774015623, 0.2572647839342519, 0.15396593985730195, 0.20122960722332192, 0.04304337862753744, 0.1683673642510794, 0.12916202012779265, 0.170935271959562, 0.09155069196957878]}, "Avg_S_Satisfaction": {"S1": [0.34204855756498315, -0.005731264016710473, -0.0297498361452338, 0.009080009428096558, 0.01671789387623193, 0.01486248768186559, 0.03860766851923236, 0.031736901480868045, -0.01666758390413005], "ST": [0.5032798647742729, 0.47954162044560655, 0.5336029784336371, 0.06339407107558342, 0.045386105470579786, 0.0530423263541579, 0.19158534688635295, 0.038874940227154195, 0.06545549197584011], "S2": [[NaN, -0.10892861930409609, -0.1088037607750339, -0.046904631900118954, -0.0430786625955801, -0.04274150657696368, -0.02509953901127765, -0.04475866149497642, -0.050162836706765954], [NaN, NaN, 0.33992856832841944, -0.032865999928455444, -0.05095926481362688, -0.0530898132529295, -0.03409580388910369, -0.07245523024770201, -0.04077520626146706], [NaN, NaN, NaN, -0.08030424417363365, -0.07780262922566343, -0.0833405883412472, -0.07624825233040121, -0.10675989994158805, -0.07902960935538646], [NaN, NaN, NaN, NaN, -0.009004214072465187, -0.012758247723580442, 0.007152806389371359, -0.009874427167566282, -0.010848755993374787], [NaN, NaN, NaN, NaN, NaN, -0.009432641240735588, -0.002385273832801141, -0.012129283847916655, -0.006902707396837671], [NaN, NaN, NaN, NaN, NaN, NaN, -0.0028870713156381733, -0.010042691451706796, -0.006102067191521329], [NaN, NaN, NaN, NaN, NaN, NaN, NaN, -0.013152548110081326, -0.01514355915559204], [NaN, NaN, NaN, NaN, NaN, NaN, NaN, NaN, -0.0329405793354936], [NaN, NaN, NaN, NaN, NaN, NaN, NaN, NaN, NaN]], "S1_conf": [0.11733060848982581, 0.12766367843995832, 0.13395792558576242, 0.05785075036684337, 0.04881049671389111, 0.052670586928765056, 0.1188371832942638, 0.041410741644416216, 0.03323252188740259], "ST_conf": [0.10979717395904406, 0.12528272821042685, 0.12503674549376767, 0.026991658530874776, 0.02507238193557566, 0.030185588768467338, 0.07496116997128754, 0.023826995856946327, 0.03476272335857908]}, "Avg_P_Satisfaction": {"S1": [0.025777359085878516, 0.29784852375034826, 0.0617652332419808, 0.01417559500895683, 0.017683221725302848, -0.0021804039801028535, 0.07795595095802874, 0.047248025667699825, 0.011536087005012992], "ST": [0.17991394325258603, 0.8106491201580277, 0.6475026545969399, 0.10815609666282702, 0.06894016144355636, 0.053336583659683474, 0.17979918290748617, 0.07444285604711519, 0.06989105722054814], "S2": [[NaN, -0.03191568334483774, 0.029896812398507222, 0.03754793695622075, -0.013244484507593919, 0.0022896009858811915, -0.04809870224570156, -0.02061072743131662, -0.022712697682065262], [NaN, NaN, 0.4003208925887714, 0.021706589402777414, -0.01619384030012128, 0.002198416129499416, -0.05622569644497097, -0.03816894729295901, -0.03208450230732049], [NaN, NaN, NaN, 0.0021958384613166623, -0.002821810565385486, 0.011976279503021488, -0.031187343889374025, -0.035201331183969245, 0.0015828559682946036], [NaN, NaN, NaN, NaN, -0.031995043861331084, -0.02774359294287015, -0.06302002828188913, -0.02789588025648422, -0.05707211875839026], [NaN, NaN, NaN, NaN, NaN, -0.008249161850455404, -0.016098318501356054, 0.0020176863078538027, -0.01789263269720924], [NaN, NaN, NaN, NaN, NaN, NaN, -0.09433878536253651, -0.05769066064822966, -0.07416406328679359], [NaN, NaN, NaN, NaN, NaN, NaN, NaN, -0.06842284676304425, -0.07068735758624951], [NaN, NaN, NaN, NaN, NaN, NaN, NaN, NaN, -0.09907554083021354], [NaN, NaN, NaN, NaN, NaN, NaN, NaN, NaN, NaN]], "S1_conf": [0.08980986584239876, 0.1618675856162546, 0.12755874843865808, 0.052590779306866425, 0.05086375087762888, 0.028154868749624532, 0.08243166880930256, 0.06034932598248158, 0.05347811520265547], "ST_conf": [0.06678483394548654, 0.16075194403889356, 0.15121466148844862, 0.05063737654526232, 0.044845492520770594, 0.03505919834931713, 0.06906196565641504, 0.053300259651222405, 0.05252981227993654]}, "Avg_F_Uncertainty": {"S1": [0.23038537787495864, 0.009098246455259897, 5.823138090495989e-05, -0.03723285359528298, -0.01263996667328921, 0.033746149551760606, -0.08427276966336357, -0.05056847210500611, -0.06409958711716099], "ST": [0.6827345275280111, 0.6872493345239973, 0.49634422599648836, 0.30433596421173686, 0.2369418573237519, 0.35876105134860387, 0.46629191659380076, 0.42901138802141603, 0.2638801774130482],