{"Adoption Rate": {"S1": [0.5543704127995821, -0.008298541889653606, 0.06617001363952374, 0.0074966780602958565, 0.014515473868998085, 0.03712441131931443, 0.03913833685240748, 0.04200130850626557, 0.040880499755709745], "ST": [0.8733988593379673, 0.23351402492533155, 0.356903941324342, 0.1329739308727858, 0.09784213725548552, 0.14064749613866567, 0.24213192586596138, 0.14408196511192364, 0.10931387814418385], "S2": [[NaN, 0.09923759268263242, 0.08472567784539181, 0.040638198012235005, 0.0017655769846805069, 0.0027553981721883947, -0.0008636746396419384, 0.027390543530573047, -0.004955738224828435], [NaN, NaN, -0.02065085200533013, -0.033491332846891944, -0.03271473858664396, -0.03609713412298076, -0.0483422085821897, -0.018029727705632055, -0.04314229127731572], [NaN, NaN, NaN, -0.007685156685172721, 0.023548772929597533, -0.018225205389939367, -0.02964746808456873, -0.01700524605166301, -0.01962668089324085], [NaN, NaN, NaN, NaN, -0.006946129674288159, -0.028519465187737313, -0.015907206009914666, -0.004159246991805893, -0.008700629186486862], [NaN, NaN, NaN, NaN, NaN, -0.05328250766292736, -0.044832769586493425, -0.04157906260512408, -0.06436108922292735], [NaN, NaN, NaN, NaN, NaN, NaN, -0.05687773995283371, -0.04637730751929777, -0.06829152929045855], [NaN, NaN, NaN, NaN, NaN, NaN, NaN, 0.017690613200252177, -0.04100484538248893], [NaN, NaN, NaN, NaN, NaN, NaN, NaN, NaN, -0.09225902058725924], [NaN, NaN, NaN, NaN, NaN, NaN, NaN, NaN, NaN]], "S1_conf": [0.14110160519746845, 0.08660721748360817, 0.08752127943385245, 0.06834459834064367, 0.054415258492032735, 0.06980825742500948, 0.09320279791242024, 0.06922267097341692, 0.060743978125379954], "ST_conf": [0.15449746775688675, 0.08100962856121106, 0.09408805573529821, 0.0650578488184098, 0.057653180542945284, 0.06668641157337946, 0.08316417919568493, 0.06680606952753404, 0.06509481921904613]}, "Avg_F_Satisfaction": {"S1": [0.058837164386911056, 0.1601183934972579, 0.4183530283609024, -0.0443931915561224, -0.02121495615343501, 0.01542839106037694, -0.04809625874477036, -0.01899306021093977, 0.011586825336245622], "ST": [0.19315721834594532, 0.5452942697179423, 0.602672853294393, 0.21599643978592759, 0.10291155834097458, 0.10588916201887959, 0.2113926137943044, 0.12569845220145603, 0.12637646448548306], "S2": [[NaN, -0.03021089038108682, -0.11446376052318119, 0.0033363007705442677, -0.05755560190664569, -0.04113504067541789, 0.020074171658236113, -0.047487643286766384, -0.057380222239457664], [NaN, NaN, 0.09461671445923159, 0.03628954466894224, 0.06142676064159357, -0.01408275747428378, 0.0659556894300121, 0.09263482908931678, 0.012649169749656035], [NaN, NaN, NaN, 0.0194439378303565, 0.007502991404287191, -0.03613651953365374, -0.009295302769497693, 0.03157687975427492, -0.01014814495305878], [NaN, NaN, NaN, NaN, 0.053098838547377375, 0.04438138950866834, 0.08859943821225622, 0.032500953782826164, 0.032263463608135604], [NaN, NaN, NaN, NaN, NaN, 0.01985777865378463, 0.05035630817018987, 0.021489363162340423, 0.014505087018933377], [NaN, NaN, NaN, NaN, NaN, NaN, -0.001487414338492879, -0.03520451194098278, -0.04341825195974077], [NaN, NaN, NaN, NaN, NaN, NaN, NaN, 0.1431062832090047, 0.12051248314113273], [NaN, NaN, NaN, NaN, NaN, NaN, NaN, NaN, 0.04587316250498991], [NaN, NaN, NaN, NaN, NaN, NaN, NaN, NaN, NaN]], "S1_conf": [0.11857075269772953, 0.12165663636788497, 0.12311325679659095, 0.07424879925570134, 0.0596184064164873, 0.06359918686824043, 0.0858328035056926, 0.061637994482567834, 0.05907501226344194], "ST_conf": [0.06782423269027874, 0.12472218561999031, 0.13452740088782125, 0.10363923743382356, 0.05812156796391198, 0.04560645666632405, 0.08093602948595435, 0.05893809780262216, 0.05717536017617384]}, "Avg_S_Satisfaction": {"S1": [0.280865736387675, 0.041265584310803696, 0.08591966126039077, 0.027426098203193434, 0.01603330594185355, 0.007604748351957745, 0.09266600153243716, 0.012743643138070157, 0.015266426098108476], "ST": [0.4137666853622929, 0.4527840795379471, 0.7225835442603455, 0.08459508424896833, 0.036662662957861594, 0.047518111893461785, 0.12881521758528344, 0.0244192668056343, 0.049823081851013494], "S2": [[NaN, -0.1007396269318143, -0.08343420828761663, -0.0252848377736636, -0.04855196498865026, -0.043312131434067154, -0.05071658349601456, -0.056427723258287675, -0.05771974453599739], [NaN, NaN, 0.30966269659003254, -0.10034016895402827, -0.10152795485745138, -0.08645228675370888, -0.10070047967095089, -0.10963305775284869, -0.10191227337787688], [NaN, NaN, NaN, -0.025099895570222856, -0.023984592540735275, -0.03132523082475262, -0.03243852200779217, -0.037232040684586964, -0.03446843051233556], [NaN, NaN, NaN, NaN, 0.03038218279986686, 0.022515608805846278, 0.0332006758430113, 0.02537126625198901, 0.02278400474181808], [NaN, NaN, NaN, NaN, NaN, -0.020585886971416213, -0.021601384494913597, -0.01920141313758658, -0.02295201248178487], [NaN, NaN, NaN, NaN, NaN, NaN, 0.007296138473888117, 0.005175814528217493, -0.00328805879106929], [NaN, NaN, NaN, NaN, NaN, NaN, NaN, -0.05949063366305716, -0.07578371662801653], [NaN, NaN, NaN, NaN, NaN, NaN, NaN, NaN, -0.004380359680302105], [NaN, NaN, NaN, NaN, NaN, NaN, NaN, NaN, NaN]], "S1_conf": [0.10142696519032265, 0.10051886832922965, 0.12214568332610722, 0.035059144774392745, 0.0273095217529048, 0.028059482371565216, 0.0680949605007408, 0.02354027822127242, 0.029172082125527597], "ST_conf": [0.11716334004870982, 0.11544885837109203, 0.17863219210829218, 0.054684226903000066, 0.02661686315434746, 0.04532947480135851, 0.054479363710266966, 0.0243195249709107, 0.03478098449783934]}, "Avg_P_Satisfaction": {"S1": [0.020883370982593193, 0.16379668611856896, 0.28650221916371826, -0.0629446926965291, -0.026812604325523064, 0.033420619719538594, -0.004604720204357569, 0.030987318570343085, -0.03300120973222112], "ST": [0.17157944638045602, 0.7117940898725071, 0.7238814313622766, 0.22746750735136095, 0.10795245371254561, 0.08550104166812551, 0.21851009380991332, 0.1224751997255192, 0.1314270820509406], "S2": [[NaN, 0.06650313756035503, -0.09026501071106499, -0.021511513576332117, -0.027971170047082182, -0.029917262315649264, -0.000531641979483688, -0.04384201974267297, -0.021816470827627714], [NaN, NaN, 0.23776449561320484, 0.09968012900347921, 0.07669320515585973, 0.06384133619568665, 0.08882846174538231, 0.0230799022838035, 0.05956084219680713], [NaN, NaN, NaN, -0.05337260137017212, -0.09011165959112691, -0.11473315131985472, -0.053931242965138154, -0.13389048382729177, -0.07275216242870158], [NaN, NaN, NaN, NaN, 0.0833051612331733, 0.06585412628554511, 0.07417341363912028, 0.051655789978951754, 0.07507140157853931], [NaN, NaN, NaN, NaN, NaN, 0.004712757040103037, 0.003888342492651582, -0.0156594458383026, 0.0031466262174840026], [NaN, NaN, NaN, NaN, NaN, NaN, 0.029548645609506072, -0.024986640591635446, -0.0037291039419104083], [NaN, NaN, NaN, NaN, NaN, NaN, NaN, 0.07131571631330622, 0.10748283538353907], [NaN, NaN, NaN, NaN, NaN, NaN, NaN, NaN, -0.0309023169177865], [NaN, NaN, NaN, NaN, NaN, NaN, NaN, NaN, NaN]], "S1_conf": [0.07619762536771682, 0.15120287682355968, 0.13996097532949678, 0.0743506570642023, 0.058323718406806765, 0.056816042968639714, 0.07965841477621499, 0.06465413139575277, 0.05908281176103261], "ST_conf": [0.07689719182780033, 0.13539442276517658, 0.14019847898646903, 0.10759687434040736, 0.07871282151840595, 0.056726596185288, 0.09252586903515504, 0.07928657847712152, 0.07353166028654783]}, "Avg_F_Uncertainty": {"S1": [0.12744712735977054, 0.03943001152219092, 0.38699212589276794, -0.036021468847744945, 0.03877984835753628, 0.08447967986453057, 0.012880964164992617, 0.062240130286313186, 0.017962177899863197], "ST": [0.4027791192752809, 0.47125365604634994, 0.7588900321184787, 0.25981152459428997, 0.2303931450868679, 0.25545280997474795, 0.42347874045892825, 0.2493999249242591, 0.2717468734447841],