{"Adoption Rate": {"S1": [0.5823217394486948, 0.022688525736927492, 0.12363039364786108, 0.050683579464282355, 0.008618100769891007, 0.01846227987340968, -0.01895937466217056, 0.011362364505261268, -0.013203212963903635], "ST": [0.8902582296716255, 0.2783173637406669, 0.4033103290977984, 0.19773233003687285, 0.12431498773402268, 0.1518221953368582, 0.14841217236631468, 0.14736734750699587, 0.15930554411870737], "S2": [[NaN, 0.016184521332255994, 0.0626107378135067, -0.024882850368040596, -0.03706544661772016, -0.06315798645147822, 0.022541849554592364, -0.040235253178485066, 0.013488879445501081], [NaN, NaN, -0.03595027320210717, -0.03603437528602736, -0.010625116890841441, -0.05777784001379174, -0.011402304435856773, -0.028970443123452226, -0.04078540638648286], [NaN, NaN, NaN, -0.02854207938492158, 0.04791739396133753, 0.014072229563181878, 0.062194408006182436, 0.014723464884417748, 0.027955689785872893], [NaN, NaN, NaN, NaN, -0.04637058053340185, -0.0672109412083005, -0.00752231093656883, -0.04341312302877789, -0.04445584064828298], [NaN, NaN, NaN, NaN, NaN, -0.022608002134482146, 0.002149574490354845, 0.0015784321400038048, 7.406827961930866e-05], [NaN, NaN, NaN, NaN, NaN, NaN, 0.03584595560587701, 0.012705390881634462, 0.011273780368715946], [NaN, NaN, NaN, NaN, NaN, NaN, NaN, 0.052517410614838174, 0.050507371702043315], [NaN, NaN, NaN, NaN, NaN, NaN, NaN, NaN, 0.018643012066060782], [NaN, NaN, NaN, NaN, NaN, NaN, NaN, NaN, NaN]], "S1_conf": [0.13430011755161167, 0.07728938853097067, 0.09394314077121893, 0.06691916168303573, 0.05387142024432936, 0.06763366547395225, 0.05823630000162292, 0.06055016793647629, 0.06247559488509447], "ST_conf": [0.13610972306509786, 0.09171745830423401, 0.09982720838087324, 0.08785613148647091, 0.07218657136456645, 0.07269753925001592, 0.0663368612349236, 0.0738656211923671, 0.0780410590094874]}, "Avg_F_Satisfaction": {"S1": [-0.01788910718214486, 0.20219426175616975, 0.47582711379263604, 0.03491661721592544, 0.011489065450390856, -0.0038177833477386117, 0.026631177457197227, 0.005995417523305579, 0.00322311862973353], "ST": [0.21705517632897106, 0.5457146930086514, 0.8066230807253227, 0.1565774407718814, 0.1492596252509118, 0.15734008277732406, 0.13207916625259267, 0.1290689940909487, 0.11546746654819079], "S2": [[NaN, 0.005863451498562794, 0.00975053949490745, 0.09882403632844984, 0.05781944874198307, 0.0570424795362759, 0.07194894427227153, 0.0437602544185052, 0.08198042337873755], [NaN, NaN, 0.0815387842302095, 0.021338488603880615, 0.033939305539341574, 0.019853949499450855, 0.040449833560415566, 0.006076099231022137, 0.03583072006297292], [NaN, NaN, NaN, 0.004879837156970976, 0.017008805485079936, 0.02819119693638897, -0.003246636290085699, 0.022752647840283014, 0.040182943967180675], [NaN, NaN, NaN, NaN, -0.04516761154848559, -0.05618570877759532, -0.011074455564309336, -0.04212297335614251, -0.018750431543632214], [NaN, NaN, NaN, NaN, NaN, -0.008738156955760659, 0.024429505073436487, -0.0031635747617488295, 0.018479168791109616], [NaN, NaN, NaN, NaN, NaN, NaN, 0.05740785044472198, 0.03654297048917969, 0.05601625887491799], [NaN, NaN, NaN, NaN, NaN, NaN, NaN, 0.034491353972828195, 0.04705462874068237], [NaN, NaN, NaN, NaN, NaN, NaN, NaN, NaN, 0.009131543550649813], [NaN, NaN, NaN, NaN, NaN, NaN, NaN, NaN, NaN]], "S1_conf": [0.06950330350274783, 0.1242387939471919, 0.15670163040736607, 0.06786008434775556, 0.05471652535026578, 0.07013560540448964, 0.06300252848226685, 0.05196540806878963, 0.05512290776292765], "ST_conf": [0.08137096509617346, 0.12168368298562943, 0.16793373578700785, 0.07280985448128167, 0.09951923786890954, 0.08503135855523802, 0.046987505827742755, 0.058993937116901596, 0.05884382780968248]}, "Avg_S_Satisfaction": {"S1": [0.2307924332703107, 0.07425196345570517, 0.1177800966815137, 0.03188171183461766, 0.0031343053871212066, 0.014997225043847531, 0.16495222036580667, 0.002220688615897705, 0.003532052922438075], "ST": [0.35999977167771563, 0.40488587668189824, 0.6632235341224815, 0.051900546650670974, 0.009857994181002468, 0.01938696516171037, 0.2095742718763391, 0.010233024496563688, 0.01318485846847592], "S2": [[NaN, -0.07236093143883537, -0.044196841818327545, -0.03563771067075522, -0.040119213279697814, -0.043436637760201506, -0.07930902561662201, -0.03982394667658913, -0.03350566858425699], [NaN, NaN, 0.23367930570741446, -0.14936353308989722, -0.11916032102203455, -0.12952931029176348, -0.11400686324839285, -0.12330321788115466, -0.12911138858489535], [NaN, NaN, NaN, -0.02317936356692095, 0.0034531176624232125, -0.01595836157539312, -0.025997026775065796, -0.007313840765688124, -0.015163965980420548], [NaN, NaN, NaN, NaN, -0.0037423080182719527, -0.01532777896889284, 0.00912490146993275, -0.006001527188401469, -0.01053051743007398], [NaN, NaN, NaN, NaN, NaN, -0.005423406220935496, -0.0016582204411454138, -0.0035216834800444498, -0.005947871449485951], [NaN, NaN, NaN, NaN, NaN, NaN, -0.025617366473458608, -0.02552618473988168, -0.024528352916631562], [NaN, NaN, NaN, NaN, NaN, NaN, NaN, -0.04808569103719222, -0.05485235030344929], [NaN, NaN, NaN, NaN, NaN, NaN, NaN, NaN, -0.018665344638207265], [NaN, NaN, NaN, NaN, NaN, NaN, NaN, NaN, NaN]], "S1_conf": [0.09014353946876057, 0.10247733293663583, 0.10325243075149546, 0.028472497845624698, 0.023666184004934254, 0.017299154714837752, 0.08492018751774513, 0.013725253948603144, 0.017155635911140537], "ST_conf": [0.10310146123487597, 0.1068595873676946, 0.1589599637268359, 0.036621012371209315, 0.008265218984429609, 0.016991719481080608, 0.08069385947758055, 0.015003155388553326, 0.009845484603983067]}, "Avg_P_Satisfaction": {"S1": [0.022034748264430207, 0.23739871097295193, 0.2952869757362907, -0.002720704776515761, -0.0012650352606774482, 0.011308650289570092, 0.03292259503750253, 0.020933344795683144, 0.026866712919038978], "ST": [0.2163443728452855, 0.7054966979034661, 0.7051207308217303, 0.23209050110750498, 0.1638621880030669, 0.10506630189247518, 0.20409750699089846, 0.1513585099459691, 0.14685361358277502], "S2": [[NaN, -0.09768619331772901, -0.002302612250895786, -0.07614330982799089, -0.08846383271453187, -0.10543140657862808, -0.0683424112269858, -0.10212148382048994, -0.040554420426882384], [NaN, NaN, 0.19054692810161766, 0.03782534174939453, -0.03725878990638862, 0.0001789047818674689, 0.0029906478179466123, -0.02937019724706507, -0.012469599810865796], [NaN, NaN, NaN, -0.08506679489190494, -0.036634215526960834, -0.026212174002110816, -0.04159595159572929, -0.06717224137513869, -0.04030071028959332], [NaN, NaN, NaN, NaN, -0.0054714823099867495, -0.002668886992951317, -0.04738130205266579, -0.029497356612865976, -0.0014843586405356123], [NaN, NaN, NaN, NaN, NaN, -0.007910946797608167, -0.00855238070212613, -0.008624062602521394, -0.007989618770624176], [NaN, NaN, NaN, NaN, NaN, NaN, -0.026280216656988098, -0.02924510117821693, -0.03056808930781582], [NaN, NaN, NaN, NaN, NaN, NaN, NaN, -0.036432376626683846, -0.012217983761113861], [NaN, NaN, NaN, NaN, NaN, NaN, NaN, NaN, -0.04212850562089325], [NaN, NaN, NaN, NaN, NaN, NaN, NaN, NaN, NaN]], "S1_conf": [0.06709467038417788, 0.12650733800202926, 0.1332351173585467, 0.07280633396480553, 0.06166480972396599, 0.05541607137219077, 0.07450473079644891, 0.05578107012230155, 0.06930459204532881], "ST_conf": [0.0942816263683602, 0.13561118910436357, 0.1449901285465348, 0.10399088591130899, 0.08206719349087105, 0.07219914745585358, 0.09502856928495346, 0.07730545041670477, 0.0766618097386489]}, "Avg_F_Uncertainty": {"S1": [0.049719885664198674, 0.045764928285672135, 0.41255826275683033, 0.02868112685026617, 0.020941455506757276, 0.027192100486696062, 0.11584360529069672, 0.01426881506050919, 0.022142491986684307], "ST": [0.37185780843622723, 0.4851999765561242, 0.8462110032911874, 0.2863927638691048, 0.3474354907344316, 0.23969454182350117, 0.3814960916596876, 0.23802801439352175, 0.25620216958184727],