{"Adoption Rate": {"S1": [0.8125833404123757, 0.003995999318432615, -0.01910413201505077, 0.0019934591063608363, -0.01011318699292585, -0.008771871555017862, -0.02367542578621804, -0.00062616475908416, -0.007831459344194514], "ST": [0.9555084016913097, 0.12310692726012643, 0.15430511603588293, 0.08914279863041456, 0.0679815198102644, 0.07288433982806915, 0.09082244996478706, 0.047607809756136384, 0.0721833847918925], "S2": [[NaN, 0.046413122743529184, 0.06355822524604757, 0.049085524883557885, 0.0536920888665694, 0.048433873728345914, 0.0810061635352772, 0.02049356207326979, 0.05420618484939501], [NaN, NaN, -0.01084743817706376, -0.029621732496442264, -0.016713282094437336, -0.01722700433948594, -0.027278996581439608, -0.02619362273589017, -0.02929409232357636], [NaN, NaN, NaN, 0.00717866994845316, -0.010158818992435486, 0.011203265201274636, -7.689822269893801e-05, -0.017522889141405745, -0.01822041169115573], [NaN, NaN, NaN, NaN, -0.0022900358917660596, 0.011409646889997162, 0.02753017678217924, 0.007054795299870005, 0.002067323675549612], [NaN, NaN, NaN, NaN, NaN, 0.02056851341720616, 0.00936262545883111, 0.024094621156998654, 0.02147169009641392], [NaN, NaN, NaN, NaN, NaN, NaN, 0.031622180345559955, 0.010908452513500406, 0.006245316433279864], [NaN, NaN, NaN, NaN, NaN, NaN, NaN, 0.014220856500580515, 0.013466486467890974], [NaN, NaN, NaN, NaN, NaN, NaN, NaN, NaN, -0.02363859706325521], [NaN, NaN, NaN, NaN, NaN, NaN, NaN, NaN, NaN]], "S1_conf": [0.14665845175673214, 0.060149664170986, 0.06990969366827708, 0.05132337270439832, 0.04846571013965911, 0.05307541664621526, 0.05988627307291445, 0.03602173570453427, 0.04925078309093409], "ST_conf": [0.1416947270277929, 0.047242358340486595, 0.05925978783952018, 0.05381077489984485, 0.03988758600593455, 0.04603883845618154, 0.03954937494095705, 0.03427634230548258, 0.040226591783184905]}, "Avg_F_Satisfaction": {"S1": [-0.025139360414227284, 0.11305407449384686, 0.20000464705334858, -0.03771021083592253, -0.020612835459228738, -0.09689115528255889, -0.04549439714074631, -0.057212363498771776, -0.02548629941145049], "ST": [0.2331676370751375, 0.6441429827444177, 0.6872445368657988, 0.2935627635587085, 0.07989167066336983, 0.2884080247796257, 0.1804941291051133, 0.08515832214250037, 0.13790771007511798], "S2": [[NaN, 0.03109636686306827, 0.0011881204889030716, 0.020969629403832478, 0.02449564075393411, 0.06819539472603764, 0.06599165093719729, 0.04512840130865517, 0.03794681303702546], [NaN, NaN, 0.302054673165086, 0.06586387979959296, 0.03415329642404211, 0.10658013263937655, 0.0575636987558439, 0.03558296723837656, 3.121842971227917e-05], [NaN, NaN, NaN, 0.08768710903244395, 0.03935111714184228, 0.15503416679911536, 0.09917746256618852, 0.0725834868003969, 0.001267469167895427], [NaN, NaN, NaN, NaN, 0.0125294449371838, 0.039913514719718095, 0.0402248665384955, 0.02335409500515908, 0.011192801624217298], [NaN, NaN, NaN, NaN, NaN, 0.011942288504326756, 0.021862478757208575, 0.009302250147541241, -0.00048553290853530287], [NaN, NaN, NaN, NaN, NaN, NaN, 0.1676404029672991, 0.13759691992182838, 0.10838702658745822], [NaN, NaN, NaN, NaN, NaN, NaN, NaN, 0.10516655934215319, 0.07599480340083509], [NaN, NaN, NaN, NaN, NaN, NaN, NaN, NaN, 0.0692355092195651], [NaN, NaN, NaN, NaN, NaN, NaN, NaN, NaN, NaN]], "S1_conf": [0.06755049246037134, 0.13023170412532997, 0.12470593120240837, 0.09110711309378851, 0.05396131154031161, 0.08324813749579714, 0.05967814236563727, 0.04533403382910229, 0.056502515063142994], "ST_conf": [0.0981311014236376, 0.17072794719875625, 0.14736334725321157, 0.22226812243156593, 0.04659352930728362, 0.23745143919494185, 0.07149188910632615, 0.03858243276209626, 0.08724730027917761]}, "Avg_S_Satisfaction": {"S1": [0.3237354457854987, 0.017895019252172118, -0.02648384916603474, -0.0003825990233349497, 0.014325390483617471, 0.03647232856465555, 0.12404499680103416, -0.01707792498371616, 0.029890598054712027], "ST": [0.5030775697335472, 0.5038680451128714, 0.5206649122672603, 0.06742456505631829, 0.05602953110246318, 0.056215342906112145, 0.19391358437340184, 0.06140783530680243, 0.06376008667187247], "S2": [[NaN, -0.0753482367778706, -0.009314378493429927, -0.02026578598757848, -0.026081717920620417, -0.042572695617703334, -0.04408196620085304, -0.013687671126035, -0.04440367075957177], [NaN, NaN, 0.3147031927774125, -0.0015301644837302122, -0.03228947284227342, -0.02796241257768156, -0.07368584180035608, 0.007104214014315751, -0.03005919493810866], [NaN, NaN, NaN, -0.051400841607472575, -0.06456886319525765, -0.08563500203307947, -0.0691948063091637, -0.022614732502310296, -0.05718126397948178], [NaN, NaN, NaN, NaN, 0.019741418881178627, 0.009467920107462537, 0.013151834794102576, 0.014303652600388808, 0.010846922980569332], [NaN, NaN, NaN, NaN, NaN, -0.004059819468457397, -0.025199730986459057, 0.0007280163989737513, -0.0009364153609062419], [NaN, NaN, NaN, NaN, NaN, NaN, -0.03911806194128829, -0.025602404803311468, -0.027832093297707455], [NaN, NaN, NaN, NaN, NaN, NaN, NaN, -0.008777856248666019, -0.016535319095306544], [NaN, NaN, NaN, NaN, NaN, NaN, NaN, NaN, 0.043421870382046146], [NaN, NaN, NaN, NaN, NaN, NaN, NaN, NaN, NaN]], "S1_conf": [0.11119354479483944, 0.1260323343550668, 0.13553784626059032, 0.0414003488899683, 0.034866076739500276, 0.03710275341490209, 0.10264938063541397, 0.04323973229331399, 0.05099008679658618], "ST_conf": [0.10451623136039927, 0.11983992482293954, 0.12811768760898393, 0.030450758377856584, 0.0326162165181155, 0.03654693895738225, 0.06655467939108069, 0.0415222214345965, 0.033053233584792244]}, "Avg_P_Satisfaction": {"S1": [0.033965501302488134, 0.2858215525564658, 0.09114040958796074, -0.04584515425329878, 0.00497107082063438, 0.010178102951096843, 0.015372395387770233, 0.014232780249428608, -0.01184708324310861], "ST": [0.1837947599004859, 0.8032576848978296, 0.6648534492796518, 0.1891083370427465, 0.08750284108371552, 0.05729692019566993, 0.15773337722475825, 0.06436856278060128, 0.13079423369256188], "S2": [[NaN, -0.046054335248306516, -0.0024365862125113324, 0.0161001800237175, -0.034460807964247005, -0.040261603905984295, 0.009177103109313887, -0.031119490705812096, -0.02559553423281788], [NaN, NaN, 0.34203846416073547, 0.09947715083090242, -0.01660676544234726, -0.030246727690716076, 0.05563457207124663, -0.03508657962152786, -0.016154671138225732], [NaN, NaN, NaN, 0.058710117650375114, -0.011595357714897787, -0.03579330790637474, -0.009844424411317377, -0.06471066303866914, -0.05343131688826515], [NaN, NaN, NaN, NaN, 0.060138789902527086, 0.05771313530730365, 0.07814840325396195, 0.06559136741866126, 0.06690660885339614], [NaN, NaN, NaN, NaN, NaN, 0.002152415676054358, 0.0426388095955033, 0.016024035488599042, 0.022710214048665835], [NaN, NaN, NaN, NaN, NaN, NaN, 0.03539882673357524, 0.009410653089363162, -0.005179244082981963], [NaN, NaN, NaN, NaN, NaN, NaN, NaN, 0.07186828910822261, 0.0676316278669273], [NaN, NaN, NaN, NaN, NaN, NaN, NaN, NaN, -0.038251643157051436], [NaN, NaN, NaN, NaN, NaN, NaN, NaN, NaN, NaN]], "S1_conf": [0.06984231234200829, 0.17343748929996877, 0.13191400567225045, 0.07908637828677303, 0.05689849190774103, 0.05534772165722338, 0.08052146849141713, 0.040964579630953714, 0.07419305045127249], "ST_conf": [0.07491647472922379, 0.13924190480527435, 0.1499695374915709, 0.07753174455151544, 0.05154526321321123, 0.03467927879397069, 0.05265029721353468, 0.03637496906827793, 0.07243683329838173]}, "Avg_F_Uncertainty": {"S1": [0.19795837481129083, 0.023638113464049097, 0.027391336152722375, -0.0264653844431607, -0.05648599318060135, -0.10577600423526945, 0.003021456181585872, 0.025393423257674363, -0.0335388817546227], "ST": [0.6193403048396677, 0.6761730525392339, 0.4863952810364046, 0.4268649337480472, 0.29004232778625544, 0.650358773605961, 0.48858717305500016, 0.33877412383175, 0.2632460790859853],