{"Adoption Rate": {"S1": [0.755092046964363, 0.010711849217079402, 0.01351175369360746, 0.015562151448837389, 0.018757249612639387, 0.02799522144667785, 0.02225559027227871, -0.005326266859594547, 0.0025635169729672468, 0.01629179362169882], "ST": [0.9160134349684496, 0.12922184958188154, 0.19495361011998655, 0.04285209506946918, 0.02219629848582741, 0.037314904787872076, 0.05334981061720972, 0.05952912473935167, 0.032494490449706655, 0.028515273949006277], "S2": [[NaN, 0.05062331737979392, 0.06401290532434967, -0.01950668502345005, -0.024030263459502682, -0.008928348718604793, 0.00756314107158455, 0.021534721895229498, 0.005975551396901039, -0.009442118071297984], [NaN, NaN, -0.011356207304254276, 0.009890434370316824, 0.015702156907615325, 0.005884594054437611, 0.010002975800239938, 0.01216176826742605, 0.006649222584933695, 0.0038488333791336787], [NaN, NaN, NaN, 0.02947487675375328, 0.03040645190171174, -0.003714902484200002, 0.02349971127653339, 0.03839199447889432, 0.022132946304920586, 0.011837302000374219], [NaN, NaN, NaN, NaN, -0.011168625141307625, -0.011679386912394982, -0.02144311302129224, -0.011346950959279269, -0.016673202282843885, -0.017841890617072517], [NaN, NaN, NaN, NaN, NaN, -0.04463497322387354, -0.04918474139116179, -0.047734022517880746, -0.04753447826335548, -0.04607433356730928], [NaN, NaN, NaN, NaN, NaN, NaN, -0.00884169637039501, -0.01097780278388644, -0.01109356883738711, -0.00917080434661336], [NaN, NaN, NaN, NaN, NaN, NaN, NaN, -0.014792275641667737, -0.01971403307755665, -0.01830293986708442], [NaN, NaN, NaN, NaN, NaN, NaN, NaN, NaN, 0.030080243512789765, 0.030471115432916692], [NaN, NaN, NaN, NaN, NaN, NaN, NaN, NaN, NaN, -0.02703285448565363], [NaN, NaN, NaN, NaN, NaN, NaN, NaN, NaN, NaN, NaN]], "S1_conf": [0.13949372146572142, 0.05405280802102338, 0.07282704273798503, 0.02905123012035176, 0.027875773740116506, 0.0359952426257218, 0.03593543667667405, 0.03777890261102931, 0.02643601863292388, 0.025171482854928776], "ST_conf": [0.1354833561557932, 0.04130042192479103, 0.06118389860369017, 0.020945283794790506, 0.010622976689124456, 0.018665596311985017, 0.020288894626400662, 0.030683165941995945, 0.014490804379278688, 0.014177673290059783]}, "Avg_F_Satisfaction": {"S1": [-0.0749963792476406, 0.1837504415450786, 0.4014247418339361, -0.00969979853053806, 0.007712160644685066, -0.01126118515402074, 0.04326833534079834, 0.07426006089109308, -0.026231934098313987, 0.02060830386175914], "ST": [0.3039849483877216, 0.5075061720395212, 0.7609902805742994, 0.16975362540427083, 0.1582227134901254, 0.22937779749561524, 0.1659439742014867, 0.2416019784832545, 0.14252313675641168, 0.19053663616851488], "S2": [[NaN, 0.3292489991090779, 0.13156189756840403, 0.21241836961356209, 0.21623918161299355, 0.1873588020315962, 0.24932110822301945, 0.21183609053855382, 0.24250124459237124, 0.232411325850745], [NaN, NaN, 0.12551724922619395, 0.07775409436788644, 0.0982860220237002, 0.148680799242327, 0.09569049481539761, 0.028906175248059662, 0.08484913107945927, 0.07829456452581128], [NaN, NaN, NaN, 0.13489178738063098, 0.1434472816784477, 0.05140477702796752, 0.0996460960613104, 0.10792388220230145, 0.14490713847554626, 0.13982205498402298], [NaN, NaN, NaN, NaN, 0.06474190979657159, 0.09432611997155727, 0.0662161003159339, 0.052174180625258054, 0.11151417595874405, 0.09124913406301936], [NaN, NaN, NaN, NaN, NaN, 0.029428906142871126, 0.02482684297691097, 0.03447006932991992, 0.04069221567238626, 0.033001473355204675], [NaN, NaN, NaN, NaN, NaN, NaN, 0.061783631131340375, 0.0684696126736169, 0.11736688177950591, 0.10535960129558762], [NaN, NaN, NaN, NaN, NaN, NaN, NaN, -0.0038901617691217694, 0.01611105498815841, 0.015906231181249304], [NaN, NaN, NaN, NaN, NaN, NaN, NaN, NaN, 0.019786355364215642, 0.01770971106621833], [NaN, NaN, NaN, NaN, NaN, NaN, NaN, NaN, NaN, 0.14863666795262329], [NaN, NaN, NaN, NaN, NaN, NaN, NaN, NaN, NaN, NaN]], "S1_conf": [0.10696880955795661, 0.12379933293436367, 0.15288945072269416, 0.07744000343291495, 0.07845624505199636, 0.09790411567460575, 0.08260412644694519, 0.0794332439974092, 0.07889002595004747, 0.08782978463021891], "ST_conf": [0.11848239522473075, 0.09945962423781377, 0.16726114421344906, 0.06258578987485464, 0.0648391050888901, 0.09100945059814944, 0.05161305438234777, 0.06900944290881118, 0.05096476300215716, 0.07554195824453909]}, "Avg_S_Satisfaction": {"S1": [0.037758393386730704, -0.06088886466891799, -0.023352813299207173, -0.023564389862050516, -0.009661954725569416, -0.021808084303245528, 0.5178134006666973, 0.0646454278252724, -0.006789558364162583, -0.021843951494109563], "ST": [0.10379636051827343, 0.15093556072000353, 0.19564999695196916, 0.023858733471959197, 0.006578741509073499, 0.01020486682830327, 0.6223212002702044, 0.10590494123754064, 0.006680456055346662, 0.006375882079642174], "S2": [[NaN, 0.00020802309212445552, 0.0056538184714726575, -0.009862596237973812, -0.010525363645208589, -0.008777851450118394, -0.007924837740394874, -0.017851840866900864, -0.009040040087557686, -0.015093487328917254], [NaN, NaN, 0.1871041127834976, 0.08594157366711759, 0.08325919648439004, 0.08494726299811826, 0.0859598688265305, 0.08167651488329182, 0.07880220815201042, 0.0881957659454803], [NaN, NaN, NaN, 0.051386410245983206, 0.04837733040685858, 0.050436662521791804, 0.05469961381288868, 0.05271691016651524, 0.04372490926105577, 0.05360369650673724], [NaN, NaN, NaN, NaN, 0.005163378656729058, 0.0075539304831286624, 0.02286750810946714, -0.0019307339998830692, 0.0074635175516018365, 0.006603098479396573], [NaN, NaN, NaN, NaN, NaN, 0.003788451581017146, -0.002415444435984626, 0.00318205572508419, 0.0046599699532210385, 0.005460099910044255], [NaN, NaN, NaN, NaN, NaN, NaN, 0.017675079473387978, 0.017210817009409657, 0.025945883727778864, 0.02567223306146982], [NaN, NaN, NaN, NaN, NaN, NaN, NaN, 0.03738416639451435, 0.009844476349061902, 0.01740539995484525], [NaN, NaN, NaN, NaN, NaN, NaN, NaN, NaN, 0.01249656714790904, 0.022454376622980127], [NaN, NaN, NaN, NaN, NaN, NaN, NaN, NaN, NaN, 0.003491917976917589], [NaN, NaN, NaN, NaN, NaN, NaN, NaN, NaN, NaN, NaN]], "S1_conf": [0.06663668557258842, 0.09856610151043381, 0.10559089350024249, 0.06957315637535195, 0.018158974332884745, 0.01601124439325426, 0.12176346597141037, 0.06078430206572846, 0.017379070383250515, 0.021685693729165664], "ST_conf": [0.03170139556744439, 0.042676832820041956, 0.058503248257189486, 0.021248560071086255, 0.002286093339575559, 0.005125554971954494, 0.11020622842583482, 0.02349727976919287, 0.0028903609437362036, 0.003331020835030996]}, "Avg_P_Satisfaction": {"S1": [0.008621533156972724, 0.31518440245215945, 0.24497185385648082, 0.019522691028250355, 0.017691984201056565, 0.03321595953964331, 0.012585820623791478, 0.05053417134705327, 0.022889463444708727, 0.0012997351436981508], "ST": [0.15376922421125772, 0.7099018116994996, 0.7801544679530125, 0.0483758056100632, 0.046137501523725366, 0.06869372526278356, 0.08543647531210569, 0.09273589676986596, 0.06683868395394728, 0.08000689112335735],