{"Adoption Rate": {"S1": [0.6248779566503484, 0.07228094469999638, 0.05044566191801717, 0.043411225037266125, -0.01237102814415132, 0.053987945096444535, 0.058611785167702934, -0.02658017039355176, 0.03184925533426576, -0.018047939902152837], "ST": [0.8588868286368735, 0.2733156717585329, 0.37097438587205445, 0.0751414877942801, 0.0981211767241779, 0.11405849281595663, 0.22913611960208943, 0.12558305390389918, 0.08426900889669607, 0.1557110153752022], "S2": [[NaN, -0.005117611038712916, 0.06743835205716761, -0.009598289188252555, 0.04551351522611753, -0.03101102726370917, -0.005230882003028348, 0.002929717854751601, 0.00981338228974847, 0.056963489906866865], [NaN, NaN, -0.043288752103028495, -0.04592705413419585, -0.020088826025209998, -0.034513196391985225, -0.037481569600914866, -0.012217134789681602, -0.044856809766876615, -0.0529433026855059], [NaN, NaN, NaN, -0.06643485562709592, -0.019020117498520332, -0.07658631434213391, -0.02535728694712667, -0.006267719411562636, -0.05414220913989938, -0.03155465785373155], [NaN, NaN, NaN, NaN, -0.03485329718980757, -0.02720874833821571, -0.03225955431953712, -0.02504923323620313, -0.026683430603876547, -0.025620893573317413], [NaN, NaN, NaN, NaN, NaN, -0.01205833061770619, 0.0055008286978809745, -0.006440049562371618, 0.01800247844156936, 0.009333741040809791], [NaN, NaN, NaN, NaN, NaN, NaN, -0.026492555094083166, -0.03231016042486196, -0.028837037316319335, -0.04403142439754831], [NaN, NaN, NaN, NaN, NaN, NaN, NaN, -0.01292401569356666, -0.024456145206967303, -0.039163150782352], [NaN, NaN, NaN, NaN, NaN, NaN, NaN, NaN, 0.05094737867050882, 0.03904038580594234], [NaN, NaN, NaN, NaN, NaN, NaN, NaN, NaN, NaN, -0.03296334416688797], [NaN, NaN, NaN, NaN, NaN, NaN, NaN, NaN, NaN, NaN]], "S1_conf": [0.13899457177714356, 0.08450143799255383, 0.10047815672472625, 0.04696583928816391, 0.04293509660513277, 0.05405135112712771, 0.0774536474315672, 0.052448741334496216, 0.04864041620336966, 0.0669294937280636], "ST_conf": [0.14729211690216118, 0.0802040236948623, 0.10301988068947873, 0.051196730059554024, 0.05380475620596073, 0.06417023842022761, 0.07899776017262611, 0.05847128254022034, 0.0511560359411734, 0.07369868449496933]}, "Avg_F_Satisfaction": {"S1": [-0.08364562786529763, 0.35069791529673505, 0.5431856772282978, 0.048776123923972715, 0.029772553738537436, 0.030689945037269448, 0.03921608280886163, 0.06604529793896756, 0.05890447605840853, 0.04522544665302424], "ST": [0.23386898560988822, 0.6007865880311323, 0.8486323250355727, 0.1630586931880593, 0.14530573657455498, 0.22105041883397802, 0.1698201434025517, 0.22968809478468635, 0.16394606979323706, 0.1726802745752865], "S2": [[NaN, 0.1538539450427609, 0.07149849852055867, 0.14937866403685587, 0.1812119300405825, 0.1427754475318323, 0.15290936824521587, 0.14739322280041772, 0.1465039561272864, 0.19271188464728317], [NaN, NaN, -0.003450749667617603, -0.06226982053899908, -0.03683601132296771, -0.035132670006503594, -0.06922593608278538, -0.06441512099627748, -0.07395560410272495, -0.039278512554845484], [NaN, NaN, NaN, -0.08425273800313174, -0.03534411395736964, -0.08271083347446571, -0.025072784838570172, -0.14708331898726157, -0.046229881005057864, -0.06493654386235564], [NaN, NaN, NaN, NaN, 0.027448639013845675, 0.010901002226376223, -0.02137841251126358, 0.018020947103027637, 0.027148952766980212, 0.029617256402106308], [NaN, NaN, NaN, NaN, NaN, -0.02219793158408329, -0.05180043386770307, -0.007660738501355319, -0.03132780163844548, -0.037521040042975726], [NaN, NaN, NaN, NaN, NaN, NaN, 0.0018895989258633505, 0.00026055746856423756, 0.008907399016066027, 0.014638029729065534], [NaN, NaN, NaN, NaN, NaN, NaN, NaN, 0.03664101974073507, 0.03140559493329371, 0.030591896496534175], [NaN, NaN, NaN, NaN, NaN, NaN, NaN, NaN, -0.029481772084273765, -0.023834756357913704], [NaN, NaN, NaN, NaN, NaN, NaN, NaN, NaN, NaN, -0.05588920711154133], [NaN, NaN, NaN, NaN, NaN, NaN, NaN, NaN, NaN, NaN]], "S1_conf": [0.09575454150116933, 0.14132051105180116, 0.15118225073445704, 0.09840866375086056, 0.09757038974510156, 0.10928531611709295, 0.06945639276944642, 0.1057647653862992, 0.09215126479012967, 0.09682862265592469], "ST_conf": [0.09053533300370938, 0.13743601596400873, 0.1837622701159251, 0.09039611393738878, 0.09222797244732722, 0.11926173344613533, 0.055378695263945815, 0.10094576549685191, 0.09335597445638188, 0.08768956236158323]}, "Avg_S_Satisfaction": {"S1": [0.11636760860904811, -0.015981476758997616, 0.002253491954344793, -0.01274479146822169, -0.008618721195616174, 0.01693169053832476, 0.03905230914765826, 0.02392390531388259, -0.034878276219853795, -0.021832799318603335], "ST": [0.31967350232356334, 0.4101920863044188, 0.5609595633086535, 0.04484054533742754, 0.023881361468801182, 0.03898524979924293, 0.257507292355132, 0.12474634294452258, 0.03845477716985175, 0.036949031886359146], "S2": [[NaN, -0.0172682741335091, 0.018500169188722007, -0.033488104959347204, -0.015441320333396109, -0.02452878788194901, -0.02747781864274839, -0.03664573944988236, -0.02831374727623042, -0.02833952164028528], [NaN, NaN, 0.3331502594724924, 0.0541149032722303, 0.050610485355087956, 0.032614135995712196, 0.06148797416672044, 0.07336198451515583, 0.07117481676776408, 0.052691548940007396], [NaN, NaN, NaN, 0.03146457452727962, 0.03576979410878733, 0.011640105294708832, 0.08947890092069036, 0.04710188401847389, 0.05072775479470919, 0.037153482278293515], [NaN, NaN, NaN, NaN, -0.008881855128692091, -0.012204238178943812, 0.016013550731475687, 0.01724207553685598, 0.0050241666985667705, 0.0023293575690282557], [NaN, NaN, NaN, NaN, NaN, 0.006790578545785266, 0.013302103698716962, 0.022156936623884488, 0.007236188665407831, 0.006083133884934835], [NaN, NaN, NaN, NaN, NaN, NaN, -0.014747507239888664, -0.013666563139287623, -0.019486977457630228, -0.02258319675393294], [NaN, NaN, NaN, NaN, NaN, NaN, NaN, 0.03884448632454223, 0.004474137609580351, 0.00039982652475466923], [NaN, NaN, NaN, NaN, NaN, NaN, NaN, NaN, -0.01887662708186956, -0.016606426698219882], [NaN, NaN, NaN, NaN, NaN, NaN, NaN, NaN, NaN, 0.040584472996662166], [NaN, NaN, NaN, NaN, NaN, NaN, NaN, NaN, NaN, NaN]], "S1_conf": [0.11803101442788376, 0.1565788150997551, 0.17301256906408163, 0.03185496580195074, 0.05017046672753084, 0.03522364684562721, 0.08199404269154066, 0.06491716403711445, 0.04557256637898685, 0.058561348410203946], "ST_conf": [0.08779161562682801, 0.10648294537734013, 0.13948113493140535, 0.04767890208591713, 0.012171422523139661, 0.03120513911418895, 0.07304246310704708, 0.04594545457322212, 0.02706334610191166, 0.02943836904514139]}, "Avg_P_Satisfaction": {"S1": [-0.052300520711657875, 0.26548410506159065, 0.1850980040734489, -0.017977862303320557, -0.043033080225025895, -0.0528708978445629, -0.006107258480254785, 0.009151916721692646, -0.016303877152515512, -0.022776744785181765], "ST": [0.22744690698256162, 0.7268871987377833, 0.784181007564994, 0.1657046669978356, 0.1286783645769027, 0.13541814359483179, 0.17230363751084413, 0.21042370493312942, 0.10638343412816084, 0.11893890758596685],