{"Adoption Rate": {"S1": [0.22725570068857798, 0.11218778239919612, 0.2582205941923368, -2.88265747509695e-05, 0.0005486684889983143], "ST": [0.5981481607763245, 0.2699335996053974, 0.5491644948981258, 0.00013308762449826844, 4.308371510300138e-05], "S2": [[NaN, 0.0789616990959174, 0.23100152002763968, 0.08596938077464157, 0.08530386732156309], [NaN, NaN, 0.03019434961584838, -0.033624400165563346, -0.0347904208012884], [NaN, NaN, NaN, -0.021549347396018863, -0.02226470817477671], [NaN, NaN, NaN, NaN, 0.005068442260662186], [NaN, NaN, NaN, NaN, NaN]], "S1_conf": [0.11938016211409119, 0.08612364622301952, 0.12108667938029304, 0.002035681353947588, 0.0010288494524941065], "ST_conf": [0.13752409521819753, 0.09728235268534575, 0.1302760743411031, 6.498366130545083e-05, 1.9352557815410728e-05], "S2_conf": [[NaN, 0.14293634306002845, 0.15903657885303416, 0.12461362648924751, 0.12476057824662876], [NaN, NaN, 0.13716788381838774, 0.128389959875081, 0.12794054711942177], [NaN, NaN, NaN, 0.13064823720820326, 0.13033770513052909], [NaN, NaN, NaN, NaN, 0.01475578589514089], [NaN, NaN, NaN, NaN, NaN]]}, "Avg_F_Satisfaction": {"S1": [0.023384178097440297, 0.32711385408409477, 0.41958578757735654, 0.008944202671950091, 0.00019251440725226947], "ST": [0.09049813987590198, 0.6083460690760635, 0.7610985001735482, 0.012135658339102759, 0.007562634354375673], "S2": [[NaN, -0.022683960825594207, 0.005308166928109037, -0.02936021189832562, -0.025016983888982883], [NaN, NaN, 0.23151258936640995, -0.07789461354264551, -0.06617899250290943], [NaN, NaN, NaN, -0.014125949472752947, -0.00876142979591627], [NaN, NaN, NaN, NaN, -0.0038607793731637733], [NaN, NaN, NaN, NaN, NaN]], "S1_conf": [0.05840372332014148, 0.15106150551679437, 0.1426332147034568, 0.02258738280118646, 0.013738657270002456], "ST_conf": [0.06014750914965659, 0.12550176705970453, 0.17726412052979143, 0.008902245991551483, 0.0025624111329552103], "S2_conf": [[NaN, 0.07792243508712214, 0.06911954947442286, 0.07048958085916045, 0.06935245313687642], [NaN, NaN, 0.19735922479264803, 0.18230475767803306, 0.18027124413905857], [NaN, NaN, NaN, 0.1355089167745159, 0.13644500026905476], [NaN, NaN, NaN, NaN, 0.030883754965981548], [NaN, NaN, NaN, NaN, NaN]]}, "Avg_S_Satisfaction": {"S1": [0.12487107436766649, 0.06145511431856142, 0.3681299914695543, -0.0038849782963642308, -0.00018935268230398908], "ST": [0.3007228287571438, 0.4235305542026396, 0.7145721744151423, 0.0038091803387417873, 0.0007806499997991896], "S2": [[NaN, 0.017909191545072867, 0.03420817617261479, -0.04877957022336409, -0.05469968703817476], [NaN, NaN, 0.31634353201952525, 0.10306096346960156, 0.09557987853609386], [NaN, NaN, NaN, 0.04368220421795702, 0.04940217580741398], [NaN, NaN, NaN, NaN, -0.011520530817174848], [NaN, NaN, NaN, NaN, NaN]], "S1_conf": [0.09569650603614227, 0.11367120975155814, 0.13221818165402827, 0.011831946925822736, 0.004490785351136235], "ST_conf": [0.09988598484349288, 0.12465161955602946, 0.18898936791024917, 0.0019426343942091776, 0.0003930014253550375], "S2_conf": [[NaN, 0.13549127411312864, 0.17358019970499053, 0.14555574668590046, 0.14540027668805167], [NaN, NaN, 0.22860219226041417, 0.16856737748839418, 0.17148389499269553], [NaN, NaN, NaN, 0.16347986540713613, 0.16185504514795182], [NaN, NaN, NaN, NaN, 0.022431502194499714], [NaN, NaN, NaN, NaN, NaN]]}, "Avg_P_Satisfaction": {"S1": [-0.049741159869466915, 0.3172066005040182, 0.17749579948754796, 0.010182566096128413, 0.00033508938314622314], "ST": [0.07300880992002046, 0.7292528934785992, 0.5702064769304412, 0.01581269956264189, 0.00017474315112866814], "S2": [[NaN, 0.03196291863786199, 0.08684585513661852, 0.041937601577793665, 0.04633991636461304], [NaN, NaN, 0.39019280555921604, 0.08994776131385238, 0.11420711854591512], [NaN, NaN, NaN, -0.03500203790995965, -0.03694097937042126], [NaN, NaN, NaN, NaN, -0.02515423788772746], [NaN, NaN, NaN, NaN, NaN]], "S1_conf": [0.056944216029087495, 0.15181151907377372, 0.12207555366046027, 0.016960679295356437, 0.0018746415223604396], "ST_conf": [0.06888490920447324, 0.1496507334961039, 0.15983602160325347, 0.01704654122715149, 7.61967082624005e-05], "S2_conf": [[NaN, 0.07265946753145733, 0.0675968491463598, 0.06503212720271166, 0.0642604144355997], [NaN, NaN, 0.2500254048386981, 0.2197392292227698, 0.20636486419899086], [NaN, NaN, NaN, 0.1784107611102531, 0.1805764150766863], [NaN, NaN, NaN, NaN, 0.022098319136690938], [NaN, NaN, NaN, NaN, NaN]]}, "Avg_F_Uncertainty": {"S1": [-0.0029353260622707045, 0.11778456063181209, 0.6488240902581416, 0.0037576846035677104, 0.006766639699250344], "ST": [0.07016958159177636, 0.2891041676225739, 0.7996434016300276, 0.01333874451006386, 0.009945457338853669], "S2": [[NaN, 0.01866455645180229, 0.05870310470564888, 0.05611682169484632, 0.05941980193193151], [NaN, NaN, 0.13105646960963468, 0.010957509896253877, 0.017435836225058288], [NaN, NaN, NaN, -0.0010397711562596147, 0.010019989998752032], [NaN, NaN, NaN, NaN, -0.012034341389520664], [NaN, NaN, NaN, NaN, NaN]], "S1_conf": [0.042740747460960675, 0.0872402623634255, 0.13664544235198783, 0.020064737968440962, 0.016424325688837765], "ST_conf": [0.03394803286802105, 0.09155496360698155, 0.1279649886050369, 0.00600906765493544, 0.0013451136861524226], "S2_conf": [[NaN, 0.06311383286429262, 0.06492722712614274, 0.05834295276879334, 0.05797805311788193], [NaN, NaN, 0.13346949690121193, 0.13204210723432505, 0.13426089216517115], [NaN, NaN, NaN, 0.13369352810365584, 0.13495773122676982], [NaN, NaN, NaN, NaN, 0.03648976092806417], [NaN, NaN, NaN, NaN, NaN]]}, "Avg_S_Uncertainty": {"S1": [0.007340374900010631, 0.16694811410527852, 0.5493643814881507, -0.0153771082841782, 0.002797241025645155], "ST": [0.2511513530130194, 0.39284239376243346, 0.7456399197402175, 0.02238962421546702, 0.00819290662702286], "S2": [[NaN, 0.0346923110098761, 0.08972773144718071, 0.06550363746438442, 0.06745626179321038], [NaN, NaN, 0.03857255170738527, -0.007847589065940888, -0.005266777816464032], [NaN, NaN, NaN, -0.02054761026562075, -0.059515141374414715], [NaN, NaN, NaN, NaN, 0.01958856610508976], [NaN, NaN, NaN, NaN, NaN]], "S1_conf": [0.096720459312395, 0.10022377502903358, 0.12156533714315085, 0.02119185774258562, 0.01455146067452961], "ST_conf": [0.0827062330164378, 0.08848192196989303, 0.12484374592885729, 0.017259718092603297, 0.009350512034220545], "S2_conf": [[NaN, 0.11852206192121778, 0.13508020580836774, 0.10702903801618102, 0.10258528637179005], [NaN, NaN, 0.1485512249988598, 0.1315978227643708, 0.1328959857407128], [NaN, NaN, NaN, 0.1211690880704226, 0.12303055667270352], [NaN, NaN, NaN, NaN, 0.03616332876979543], [NaN, NaN, NaN, NaN, NaN]]}, "Avg_P_Uncertainty": {"S1": [0.013297645087607581, 0.23128166356373445, 0.5947953206426478, 0.0028171406084118904, -0.0002082064356983963], "ST": [0.057397534648411845, 0.4039356661305335, 0.7753505131247682, 0.010481216209737527, 6.322824965812065e-05], "S2": [[NaN, -0.014561204042184583, 0.013057645675253249, 0.009261856131101441, 0.012011580410885948], [NaN, NaN, 0.14564005599932872, 0.0030931535715896614, -0.0029649295544818127], [NaN, NaN, NaN, -0.011133156714464815, -0.0008124221682606211], [NaN, NaN, NaN, NaN, -0.0031421644391650015], [NaN, NaN, NaN, NaN, NaN]], "S1_conf": [0.0461782756642036, 0.104360872854716, 0.11410873490039468, 0.01787652381214433, 0.001120916747380583], "ST_conf": [0.042163313113301994, 0.09295649829056564, 0.13040822857169906, 0.016636294773763598, 4.221868516766777e-05], "S2_conf": [[NaN, 0.059899906403495726, 0.05846704740877063, 0.05833283145932708, 0.05681042042390599], [NaN, NaN, 0.1480864965601538, 0.13775265588647584, 0.1386454637820303], [NaN, NaN, NaN, 0.1185199163379992, 0.11489206363910395], [NaN, NaN, NaN, NaN, 0.023757339081874055], [NaN, NaN, NaN, NaN, NaN]]}}