{"Adoption Rate": {"S1": [0.6156960339240057, 0.04737415249024174, 0.04065256021509255, 0.06085499537383359, 0.013794653602299452, 0.03746501953263855, -0.0005285535413834531, 0.04920507760854514], "ST": [0.8851769514967983, 0.17629283884614796, 0.17661947708210557, 0.1035893376259333, 0.06356982387473517, 0.06845618873560726, 0.0891398358769922, 0.3112182595781653], "S2": [[NaN, 0.021409487470396338, -0.03424047469654345, -0.047146534108334075, 0.008313124023240052, 0.009960766322839973, 0.05286783753447896, 0.13450007932566627], [NaN, NaN, -0.015516925041077025, -0.0573018529714745, -0.08375073741885661, -0.06615320306962326, -0.036239153906793095, -0.013908603326261364], [NaN, NaN, NaN, -0.05023611269698479, -0.04856144213902175, -0.052221591715275795, -0.039437481427657496, -0.03108609632125838], [NaN, NaN, NaN, NaN, -0.03351163465493332, -0.031166252169446414, -0.04157732430098634, -0.004593973898681922], [NaN, NaN, NaN, NaN, NaN, -0.043122125028034856, -0.023389160137936245, -0.018771241028842804], [NaN, NaN, NaN, NaN, NaN, NaN, -0.017190312183369735, 0.010108220507975184], [NaN, NaN, NaN, NaN, NaN, NaN, NaN, 0.015519601742294269], [NaN, NaN, NaN, NaN, NaN, NaN, NaN, NaN]]}, "Avg_F_Satisfaction": {"S1": [0.013963644196777748, 0.24042086361664566, 0.20372588171853445, 0.045473348523690546, -0.02563383402196928, -0.023698923180978118, -0.04271364398485714, -0.031149549983070315], "ST": [0.21051045551806746, 0.5940254634057518, 0.4960938527092638, 0.3159929017022632, 0.13064028842085862, 0.14838951930923328, 0.21401878249631848, 0.21701400547559388], "S2": [[NaN, 0.15724917365378543, 0.02621792254667263, 0.016284552848863973, 0.038662838959205845, 0.06810964913504802, 0.050397841812511446, 0.03822804450641967], [NaN, NaN, 0.14492623383884645, 0.03668121510679613, 0.0784125649674981, 0.11948065363752149, 0.12110050317662033, 0.10749155641974215], [NaN, NaN, NaN, 0.047164341294632886, 0.11755262181356568, 0.06264738126348239, 0.08724848445452377, 0.08126656358137732], [NaN, NaN, NaN, NaN, -0.010062537917869051, -0.04437323207941278, -0.01677224940905963, -0.03498132788856646], [NaN, NaN, NaN, NaN, NaN, 0.008286308159071675, 0.05127955438683743, -0.0009613459333533587], [NaN, NaN, NaN, NaN, NaN, NaN, 0.01605147069244122, 0.0151269570403894], [NaN, NaN, NaN, NaN, NaN, NaN, NaN, 0.07037686326336566], [NaN, NaN, NaN, NaN, NaN, NaN, NaN, NaN]]}, "Avg_S_Satisfaction": {"S1": [0.22521007380682112, 0.11211775933700904, 0.11675223338416094, 0.014693369766455579, -0.019496524443327626, 0.0049774932678528115, 4.312476815351715e-06, 0.05895336629695987], "ST": [0.475691140648291, 0.3585481069521441, 0.5290817683611104, 0.08521544204677031, 0.024751343229291362, 0.011456557930489287, 0.06802049313517322, 0.20532987160156652], "S2": [[NaN, -0.031160657911902062, 0.05498452825647529, -0.017207446441831253, -0.014390062296701103, -0.021085182901722444, 0.007240937763174019, -0.02276111584894016], [NaN, NaN, 0.10872438844292986, -0.09379541650723942, -0.0601346386915796, -0.06636900334027226, -0.06608028559983746, 0.02663349545645858], [NaN, NaN, NaN, 0.008607472751953891, 0.04367079223279392, 0.032446256577503704, 0.04407489380584128, 0.04978576726484652], [NaN, NaN, NaN, NaN, -0.027518229841617482, -0.028313822286802254, -0.03446556824199464, -0.02473765839287631], [NaN, NaN, NaN, NaN, NaN, 0.01441499292747236, 0.017387043613869283, 0.004668891747187799], [NaN, NaN, NaN, NaN, NaN, NaN, -0.011347532420350222, -0.016018934965102233], [NaN, NaN, NaN, NaN, NaN, NaN, NaN, -0.037006565911214415], [NaN, NaN, NaN, NaN, NaN, NaN, NaN, NaN]]}, "Avg_P_Satisfaction": {"S1": [-0.027714322209240336, 0.3932789715307929, 0.1102788905855288, -0.032860470517576235, -0.021846730852137685, -0.026554153987762993, -0.027108448232997528, -0.07587655772690516], "ST": [0.17740429704324878, 0.9141309291439097, 0.5143422085971859, 0.34827200922916773, 0.14612602307579434, 0.20299440112191922, 0.23315056861744135, 0.15643691342070634], "S2": [[NaN, 0.08104578028378201, 0.11402483928261566, 0.0723068293892761, 0.0611991535956847, 0.06521070883385259, 0.07687217718472068, 0.05374683112857545], [NaN, NaN, 0.16693645210096364, 0.1253575690527261, 0.11414652004453825, 0.12418012943119759, 0.1311658249274864, 0.19200163166110823], [NaN, NaN, NaN, -0.04678857141256887, -0.053853719303149125, -0.08164308689782561, -0.03449143303538195, -0.0010066157521374242], [NaN, NaN, NaN, NaN, 0.05424905298704452, 0.06014639798295715, 0.08663323936364531, 0.05429198773742897], [NaN, NaN, NaN, NaN, NaN, -0.027757877572549966, -0.017384629327114296, -0.02848777975777074], [NaN, NaN, NaN, NaN, NaN, NaN, -0.036871148241364865, -0.00017853469084165574], [NaN, NaN, NaN, NaN, NaN, NaN, NaN, 0.025332923260624293], [NaN, NaN, NaN, NaN, NaN, NaN, NaN, NaN]]}, "Avg_F_Uncertainty": {"S1": [0.05045804202248949, 0.1158260588758108, 0.1645624312796673, 0.0157326490857138, -0.03528657720203023, -0.009583969800995537, -0.04931968200320007, -0.10154755049028018], "ST": [0.3540896202002825, 0.5849777361246338, 0.579308724578964, 0.475822505505183, 0.2457325928568318, 0.24493707308471718, 0.3778369412543965, 0.2985660737500741], "S2": [[NaN, 0.12939474161398887, 0.08972644047903344, 0.036227807591117045, 0.04837260158273377, 0.05360115328917656, 0.09735716308666677, 0.07888558962794344], [NaN, NaN, 0.13889893996293856, 0.05475340378461953, 0.05366548556329428, 0.10696199910523395, 0.1662837663534955, 0.19076501614795432], [NaN, NaN, NaN, 0.0007242389197222449, 0.06338846622362007, -0.019622278854721183, 0.005594220908065203, 0.07215431716368857], [NaN, NaN, NaN, NaN, 0.027294798368999843, 0.035845668102999106, 0.10463183001121121, 0.049432327697392676], [NaN, NaN, NaN, NaN, NaN, -0.02064103997846156, 0.0722120923786925, -0.02684290274060859], [NaN, NaN, NaN, NaN, NaN, NaN, -0.03435220697195272, -0.011189505375145972], [NaN, NaN, NaN, NaN, NaN, NaN, NaN, 0.11311912013501484], [NaN, NaN, NaN, NaN, NaN, NaN, NaN, NaN]]}, "Avg_S_Uncertainty": {"S1": [0.5163397013305179, 0.09636836454380376, 0.0441981453713213, 0.07443302971022493, 0.03646724005825663, 0.04283603038590531, 0.01468275948815101, 0.06545740353245351], "ST": [0.8369478767666035, 0.207603793494971, 0.2715885313989338, 0.11448423766931234, 0.07355857826592499, 0.06768837011374788, 0.10355475213913888, 0.321249886431375], "S2": [[NaN, 0.06838747151693386, 0.05853320355906441, -0.007000079028517861, 0.034008497829578495, 0.05508908217463684, 0.07855925513261497, 0.13096136898108718], [NaN, NaN, 0.0014180824371198275, -0.1078165577220802, -0.13203111539436602, -0.10880964590847822, -0.06752877049141923, -0.03276071360581466], [NaN, NaN, NaN, -0.040390227648263374, -0.038179067680242595, -0.040459205763641794, -0.01691959993726551, -0.019702696256644323], [NaN, NaN, NaN, NaN, -0.053750022301167516, -0.05092325367152418, -0.06876571901138415, -0.034202384205304026], [NaN, NaN, NaN, NaN, NaN, -0.06734834710004292, -0.052184774292100465, -0.029410316680096825], [NaN, NaN, NaN, NaN, NaN, NaN, -0.0328264994976548, -0.00937738048134059], [NaN, NaN, NaN, NaN, NaN, NaN, NaN, -0.020527186201441026], [NaN, NaN, NaN, NaN, NaN, NaN, NaN, NaN]]}, "Avg_P_Uncertainty": {"S1": [0.015389681203587793, 0.029878727733558635, 0.06610482145364534, 0.08000158433492438, -0.022604347916708466, -0.020188094821517576, -0.08545638073225975, -0.09038950928915375], "ST": [0.6962898463211574, 0.9817054430516439, 0.7446549691410187, 0.5824747002604763, 0.5337692599329528, 0.488386240746815, 0.6900582532135399, 0.5833855060426049],