{"Adoption Rate": {"S1": [0.6330543854190274, 0.016987384304352343, 0.02212902962870378, -0.004061719393781859, 0.002110665266414805, 0.015716825272993295, -0.0008884413460867301, 0.07503358737516308], "ST": [0.9744354668818425, 0.0946272911414788, 0.07258400241945975, 0.0690499659184142, 0.04096856341167544, 0.05575784610490884, 0.05676913469114853, 0.30531053596328406], "S2": [[NaN, 0.046008726771103764, 0.022640680373494645, 0.038325547776707825, 0.0565972851599784, 0.03620517339115974, 0.0684610457918135, 0.1916719225857132], [NaN, NaN, -0.055166713616065274, -0.04976486400892989, -0.032659463437095713, -0.04151931144348944, -0.03515713550175636, -0.01615717828757307], [NaN, NaN, NaN, -0.04224758311057801, -0.03935004836251289, -0.04488032843379543, -0.037163003799131164, -0.03528013027626267], [NaN, NaN, NaN, NaN, 0.012296684002794614, 0.016150194194869346, 0.01721947912781311, 0.01825539170511127], [NaN, NaN, NaN, NaN, NaN, -0.0013241223579291313, -0.007490061022452866, 0.019290620848775628], [NaN, NaN, NaN, NaN, NaN, NaN, -0.0342640958169946, -0.03240156061137191], [NaN, NaN, NaN, NaN, NaN, NaN, NaN, 0.004996211403658704], [NaN, NaN, NaN, NaN, NaN, NaN, NaN, NaN]]}, "Avg_F_Satisfaction": {"S1": [-0.07230928174179871, 0.45336406192952505, 0.1647924516028688, -0.02478702172254588, -0.01679178543588304, -0.03833974185715252, 0.012719754574707231, 0.04254274910622577], "ST": [0.2570522021067845, 0.7477487517811259, 0.40761828785734155, 0.09408304548933842, 0.053346490919174316, 0.07604942037835867, 0.08165739758078307, 0.08472311371617439], "S2": [[NaN, 0.1552593230827889, 0.05849753753953399, 0.1391375072486949, 0.1395021345483931, 0.1368261416832391, 0.1250966136818948, 0.13282216585764622], [NaN, NaN, 0.13933803596855712, 0.07558939313308743, 0.03305589127735907, 0.05656144173599722, -0.0010370583233226035, -0.03314537672138948], [NaN, NaN, NaN, 0.053224137692539225, 0.01586476464609725, 0.042586512861633334, -0.0017411769334523038, -0.0012046925320093604], [NaN, NaN, NaN, NaN, -0.015933007067956903, -0.04088850818118358, -0.056103305358413104, -0.031611841549626055], [NaN, NaN, NaN, NaN, NaN, 0.0017641430429504584, -0.0026671828068128255, 0.013959683891052642], [NaN, NaN, NaN, NaN, NaN, NaN, 0.054273613772229244, 0.06164883805949187], [NaN, NaN, NaN, NaN, NaN, NaN, NaN, 0.03626791771055213], [NaN, NaN, NaN, NaN, NaN, NaN, NaN, NaN]]}, "Avg_S_Satisfaction": {"S1": [0.3066554341857664, 0.09764460137487911, -0.037690001343586424, -0.042989549450813534, -0.005150369699374296, -0.008524396904082037, -0.010353674232171838, 0.05763119771750452], "ST": [0.47829277986343155, 0.3853670560857676, 0.30478345014865094, 0.10775565941612726, 0.024542003439678998, 0.029098025341366, 0.14571583664859908, 0.2150677142012446], "S2": [[NaN, -0.03303863552961732, 0.05898575757726367, 0.00242648386768559, -0.04189026315187497, -0.043586696264447874, 0.008471560015611355, 0.0028126572924683235], [NaN, NaN, 0.1740014975663683, -0.014016120802481942, -0.04294728807855472, -0.06195191689278712, -0.015643562108761604, 0.10537884595172942], [NaN, NaN, NaN, 0.14252604415247574, 0.09275322229128907, 0.09592803264848837, 0.16859664979186015, 0.124680729701179], [NaN, NaN, NaN, NaN, 0.047244917692586326, 0.04773830367262752, 0.05307397847927053, 0.03930766022211425], [NaN, NaN, NaN, NaN, NaN, 0.008327016155462188, 0.0035203860475885645, 0.014061968755517892], [NaN, NaN, NaN, NaN, NaN, NaN, 0.0013507092441462, 0.004793199135974077], [NaN, NaN, NaN, NaN, NaN, NaN, NaN, 0.07141256558197889], [NaN, NaN, NaN, NaN, NaN, NaN, NaN, NaN]]}, "Avg_P_Satisfaction": {"S1": [0.05689378247398591, 0.6114300405678691, 0.10957175842330488, -0.02173598772955247, 0.029741816460601665, 0.0077024613924954995, 0.0685056006710373, -0.01669891029814498], "ST": [0.15473232620749416, 0.9787467249969086, 0.3570182003124699, 0.23206113403302317, 0.07584728972172929, 0.08406718267760487, 0.21874642623729115, 0.06737598599370306], "S2": [[NaN, -0.05043537640336082, -0.010381860839849294, 0.003629308935480826, -0.017627007234405877, -0.01927649979108167, -0.02711128372536166, -0.008037054790833338], [NaN, NaN, -0.0016246263618049095, 0.23684381968318738, 0.023689538261384237, 0.05275123107242599, 0.03964673957768371, 0.12507322279382682], [NaN, NaN, NaN, -0.08670315950458626, -0.1107852316725913, -0.10411900655321711, -0.05773458133607884, -0.08356520394452469], [NaN, NaN, NaN, NaN, -0.042623858273548976, -0.07545146345862251, -0.024644897613007394, -0.051331116107884836], [NaN, NaN, NaN, NaN, NaN, -0.029135427104769972, -0.05302419210747476, -0.03178351255496384], [NaN, NaN, NaN, NaN, NaN, NaN, -0.0305254573207498, -0.005087621780307881], [NaN, NaN, NaN, NaN, NaN, NaN, NaN, -0.034021103409048174], [NaN, NaN, NaN, NaN, NaN, NaN, NaN, NaN]]}, "Avg_F_Uncertainty": {"S1": [0.03948021782886774, 0.0023353666252169105, -0.009629095252144282, -0.016919027901430114, -0.016668588241270734, -0.027120942176966818, -0.008932237734195258, -0.012381315473724777], "ST": [0.893601044357808, 0.5727928867924749, 0.3617838027690118, 0.2542201958283013, 0.15146006622884667, 0.2715776334631112, 0.19004793173190473, 0.3541697606630422], "S2": [[NaN, 0.1711261046414699, 0.2514821439347849, 0.24113303661803936, 0.2668939011630358, 0.22396792953339675, 0.24010972548549187, 0.26778103251305696], [NaN, NaN, 0.16970555301535056, 0.13165457571297215, 0.15549706405773897, 0.09216993739499968, 0.18508246582913032, 0.16164584713627875], [NaN, NaN, NaN, 0.017661496913949, -0.039968384206011634, -0.00031694227144956483, 0.07853426262207232, 0.013052899906854033], [NaN, NaN, NaN, NaN, 0.01619948013483706, -0.015256212917298333, 0.023792465286648738, 0.01067239367816447], [NaN, NaN, NaN, NaN, NaN, 0.03696216296967128, 0.03701901905136219, 0.07864019349611727], [NaN, NaN, NaN, NaN, NaN, NaN, -0.07216672716143595, -0.0288407229441585], [NaN, NaN, NaN, NaN, NaN, NaN, NaN, 0.10488092812078229], [NaN, NaN, NaN, NaN, NaN, NaN, NaN, NaN]]}, "Avg_S_Uncertainty": {"S1": [0.4704524741883336, 0.013769285463470157, 0.024864850512036258, -0.008007137145789506, 0.006727620764088866, 0.018574678240051413, 0.019089669794841904, 0.04457238321955825], "ST": [0.9157079986011418, 0.17008408613597759, 0.1856397863764698, 0.12042368433074765, 0.06849455375879052, 0.09255514347778411, 0.1173369406902867, 0.3000865613619661], "S2": [[NaN, 0.11046266215858165, 0.06333941253148022, 0.11301635112029541, 0.10884750619625425, 0.08729347688748226, 0.13725708632352568, 0.21767394036171817], [NaN, NaN, -0.019600764889507835, -0.0370868413675281, -0.002592252427974729, -0.016912336470649707, -0.006867831075149027, 0.013656329311991573], [NaN, NaN, NaN, -0.048825036304348826, -0.04145460208824288, -0.05530192428868374, -0.04094039789536855, -0.05189156900068082], [NaN, NaN, NaN, NaN, -0.00032757242365954054, -0.0006563660510537535, 0.0016691522344494045, -0.0002465973511922223], [NaN, NaN, NaN, NaN, NaN, 0.006600259442153533, -0.01759400840865742, 0.026917869414316682], [NaN, NaN, NaN, NaN, NaN, NaN, -0.03485281441656299, -0.032430461588184335], [NaN, NaN, NaN, NaN, NaN, NaN, NaN, 0.0026148610421493565], [NaN, NaN, NaN, NaN, NaN, NaN, NaN, NaN]]}, "Avg_P_Uncertainty": {"S1": [-0.022490062120895417, 0.39098514970378245, 0.17800959162194738, -0.02843387710098423, -0.010533969987343217, -0.04584249376655664, -0.02382033992952946, 0.01819349284274757], "ST": [0.31846776473174915, 0.8088650852783986, 0.6024936748192341, 0.3119727297086981, 0.27193455811285566, 0.34275289860176195, 0.29270869716991127, 0.21213211134693963],