{"Adoption Rate": {"S1": [0.7110863445872649, 0.017267884336296016, 0.005488317270517373, 0.014988864906572455, 0.005919768987452802, -0.017608230720286774, -0.00042544507873285757, 0.02860682322247869, 0.14017910644984488], "ST": [0.8515853577046335, 0.10919743730290588, 0.03960048298623958, 0.033758028650077855, 0.01655620665324796, 0.0531746743022093, 0.044745830438621466, 0.04769640184562175, 0.3089794084678687], "S2": [[NaN, -0.0852686373989754, -0.0352972737446652, -0.044407698934548635, -0.034120062377554355, -0.041663266714131175, -0.04673128566694786, -0.060514688546388015, 0.050110557585814064], [NaN, NaN, -0.02371643734205571, -0.03310283399259125, -0.006713239600821614, -0.011531119375980944, -0.0018854739736980197, -0.025037755811404057, 0.0110880279115661], [NaN, NaN, NaN, -0.002193831858325562, 0.014858972844893757, 0.015344501920598625, 0.012106712376515939, 0.01595899600362139, 0.00791598094900342], [NaN, NaN, NaN, NaN, -0.021120565117143046, 0.0012927563007945168, -0.02135056783379849, -0.024224516873516733, -0.0032726648158303007], [NaN, NaN, NaN, NaN, NaN, 0.0012958286228809332, 0.0036896357682863657, 0.0030352335203331776, 0.022774137370459108], [NaN, NaN, NaN, NaN, NaN, NaN, 0.01642987639287807, 0.015285549278848024, 0.03288231901148331], [NaN, NaN, NaN, NaN, NaN, NaN, NaN, -0.013681762159145149, 0.006405419226879205], [NaN, NaN, NaN, NaN, NaN, NaN, NaN, NaN, -0.026428443632281542], [NaN, NaN, NaN, NaN, NaN, NaN, NaN, NaN, NaN]]}, "Avg_F_Satisfaction": {"S1": [-0.06568059426298699, 0.3269062156844394, 0.12074751325479181, 0.0018854450227225033, -0.01727975313616343, 0.036013489179969535, -0.043246139261244564, 0.009317297490948192, 0.07354024926680439], "ST": [0.15591034336973927, 0.7539771623445868, 0.33463128023871513, 0.052225571399795855, 0.03255747509269123, 0.08162951169612671, 0.07926726895879035, 0.19637335691642535, 0.08750232743807289], "S2": [[NaN, 0.06197408362710072, -0.0031466333602517965, 0.044630367226789446, 0.044259681406168504, -0.004736523612041209, 0.047513315922548434, 0.02162528034958744, -0.011464870023161614], [NaN, NaN, 0.05711512453336072, -0.007788974678457765, 0.010694691432004695, -0.04380085518082964, 0.06801023168334189, 0.004608537987682385, -0.034253338975740316], [NaN, NaN, NaN, 0.019502071859790845, -0.007254083296882742, -0.010460527430458777, 0.034831864949275364, 0.007008987725347299, -0.04475237834719924], [NaN, NaN, NaN, NaN, 0.01903071320011324, -0.022439088800504804, 0.003579430735012254, 0.02488975440921036, -0.01583766645879149], [NaN, NaN, NaN, NaN, NaN, -0.02943518109551929, 0.019660548915425437, -0.005994335472715766, -0.016477701934167185], [NaN, NaN, NaN, NaN, NaN, NaN, -0.09144837462922625, -0.09910229066507618, -0.11363816634444598], [NaN, NaN, NaN, NaN, NaN, NaN, NaN, 0.03597722816001539, 0.010134681673382079], [NaN, NaN, NaN, NaN, NaN, NaN, NaN, NaN, -0.09077424867198877], [NaN, NaN, NaN, NaN, NaN, NaN, NaN, NaN, NaN]]}, "Avg_S_Satisfaction": {"S1": [0.11439333833094964, 0.0565899153521585, 0.020639128264978893, -0.00342097886361855, 0.014356628874338414, 0.0010156862477773423, 0.0896637422737802, 0.25571095328247617, 0.046649414986120956], "ST": [0.2320899018710242, 0.1606691114477862, 0.18287581756207097, 0.024832526427749427, 0.008298265403109815, 0.018029514583560065, 0.40812469186802003, 0.5170066479739501, 0.10791560931295084], "S2": [[NaN, -0.05680831237278655, -0.04966613514494042, -0.03838440029467533, -0.04560952929675545, -0.03280121523682747, -0.027567863130395318, -0.0281749163030022, -0.025463959379425298], [NaN, NaN, 0.023974886106933713, -0.0813869529706231, -0.09025465040044288, -0.08761287267120012, -0.07592476197406933, -0.10350800542071514, -0.09885023937470717], [NaN, NaN, NaN, -0.024504833147829114, -0.0401937034106991, -0.03250788540614368, -0.036982439884766405, -0.026423860617338812, -0.059847259627079444], [NaN, NaN, NaN, NaN, -0.008276340552751678, -0.00861119682283338, 0.007628116961531886, 0.012170292637657454, -0.007500544701657501], [NaN, NaN, NaN, NaN, NaN, -0.012089856911324238, -0.015209814788394338, -0.015121567567678296, -0.013324334398659841], [NaN, NaN, NaN, NaN, NaN, NaN, 0.0064215697805171945, 0.020347128174604823, 0.009482945324623605], [NaN, NaN, NaN, NaN, NaN, NaN, NaN, 0.2531374727723851, 0.11933199442125525], [NaN, NaN, NaN, NaN, NaN, NaN, NaN, NaN, -0.05570699714264404], [NaN, NaN, NaN, NaN, NaN, NaN, NaN, NaN, NaN]]}, "Avg_P_Satisfaction": {"S1": [0.026005139040574863, 0.5809060103357182, 0.008315770248552823, -0.06261783718585191, 0.017649953106142584, 0.02576950780967844, 0.01155505844519137, 0.027248633171363255, 0.01159484862999382], "ST": [0.17116966859798646, 0.8504342171117756, 0.36845329779169156, 0.1871054499281397, 0.10496183384911821, 0.1287642427716914, 0.13079669507689362, 0.18655696921910414, 0.15882840508146143], "S2": [[NaN, -0.06684909603810407, -0.011448037746224998, 0.005448346512274521, -0.046378296118026255, -0.05349988527806335, -0.06308843617570256, -0.025548245948507624, -0.07270838567958018], [NaN, NaN, 0.04897243540160231, 0.09691815638546132, -0.04366671573082281, -0.05496542380505307, -0.018318159966871174, -0.09105484246998394, -0.05678983670037651], [NaN, NaN, NaN, 0.04658740131402947, 0.010862601104759138, 0.020991623299995953, 0.037267348731563114, -0.01340458136012891, 0.014967645164147418], [NaN, NaN, NaN, NaN, 0.09254962583964949, 0.10917729595694348, 0.12935890745061365, 0.09445339626480606, 0.09540781173665025], [NaN, NaN, NaN, NaN, NaN, -0.04265778448976651, -0.016891962086554274, -0.04070445747646668, -0.05160368261235556], [NaN, NaN, NaN, NaN, NaN, NaN, -0.04917014171867399, -0.03543380988279973, -0.08462615872777707], [NaN, NaN, NaN, NaN, NaN, NaN, NaN, 0.016887429092329705, -0.004503747781793391], [NaN, NaN, NaN, NaN, NaN, NaN, NaN, NaN, 0.022071574918871385], [NaN, NaN, NaN, NaN, NaN, NaN, NaN, NaN, NaN]]}, "Avg_F_Uncertainty": {"S1": [0.1463014186587863, 0.14898452655042912, 0.08297134364058147, 0.0016977634977048059, -0.02298470864596554, 0.1165308025778367, -0.022296252955687167, -0.13851067154801175, 0.09892831148636609], "ST": [0.648501174421716, 0.7315071920782151, 0.3059985323266307, 0.12932339219409847, 0.17619470718175947, 0.32778363956800866, 0.18454407556490166, 0.33692043316221215, 0.3168205545899312], "S2": [[NaN, 0.0241981765514912, -0.027330767628075445, 0.04842572764999362, 0.05471507221272372, -0.06731132158864934, 0.04981828701274464, 0.2571193335727096, -0.03194620420068266], [NaN, NaN, -0.06699918526605532, 0.006803268571523698, -0.016301286924096905, -0.14598754851576534, 0.0210479746233156, 0.14720771906609229, -0.10692524134051047], [NaN, NaN, NaN, -0.024410787663616616, 0.0027866486331562974, -0.1273135593448922, 0.03382661890459544, 0.09495931029875632, -0.09331130033290135], [NaN, NaN, NaN, NaN, 0.030637653494745204, -0.10277373192032342, 0.00631593058543958, 0.0033859689187875075, -0.07786579900870474], [NaN, NaN, NaN, NaN, NaN, -0.06242479996871593, 0.1224516945812549, 0.21589943031809244, -0.004641397046821594], [NaN, NaN, NaN, NaN, NaN, NaN, -0.0854339190339569, 0.001426343347707748, -0.14832744221950805], [NaN, NaN, NaN, NaN, NaN, NaN, NaN, 0.05805209326554937, -0.06919375694412064], [NaN, NaN, NaN, NaN, NaN, NaN, NaN, NaN, 0.11265240469160225], [NaN, NaN, NaN, NaN, NaN, NaN, NaN, NaN, NaN]]}, "Avg_S_Uncertainty": {"S1": [0.5906194195544369, 0.027337724438077207, 0.0087419865118592, 0.017343566947921423, 0.014955027592426751, -0.014283908994408238, 0.0023179084557331036, 0.05891513861688319, 0.10955970767528185], "ST": [0.7578901516120324, 0.18956028492916566, 0.12103491382583999, 0.054360627403463466, 0.029802860666648126, 0.0869433914048756, 0.09230014577720623, 0.10584832423900783, 0.335672487272507],