{"Adoption Rate": {"S1": [0.6051836555543518, 0.0004096529239659128, 0.005363231946441278, 0.015000102146758966, -0.020376383067968146, 0.00037528636903409995, 0.018019336798065135, -0.02392392806650433, -0.02990403792825767], "ST": [0.9180920798262318, 0.26139428811473947, 0.2740115472670202, 0.11497013988664864, 0.10747233889656686, 0.13415378825819244, 0.18175469226326638, 0.11807394007790076, 0.09836868078001496], "S2": [[NaN, 0.16525903365510738, 0.1013500334125278, -0.01155685920834494, -0.011627697532464659, -0.031007579982152245, -0.02677622159143547, -0.003521416198774007, -0.03799369196904258], [NaN, NaN, 0.05074275998196065, 0.05264944333229604, 0.02789435901573631, 0.05043396203627063, 0.05940359968821546, 0.04431030357780697, 0.05931819401756171], [NaN, NaN, NaN, 0.0809914682001099, 0.05772946678367931, 0.07406515070061682, 0.04130303057672231, 0.054370273485745184, 0.07065091351806596], [NaN, NaN, NaN, NaN, 0.007049083814804354, 0.008863831606900109, 0.007240492788094296, 0.008441930749252407, 0.029309821193146526], [NaN, NaN, NaN, NaN, NaN, 0.060134021839266194, 0.04147743181035253, 0.04491363395705149, 0.07768404572343765], [NaN, NaN, NaN, NaN, NaN, NaN, 0.020692671479823194, 0.020286398527632785, 0.02025086542122571], [NaN, NaN, NaN, NaN, NaN, NaN, NaN, 0.023628170654182358, -0.02052914673400322], [NaN, NaN, NaN, NaN, NaN, NaN, NaN, NaN, 0.01565610890010622], [NaN, NaN, NaN, NaN, NaN, NaN, NaN, NaN, NaN]], "S1_conf": [0.147342706379585, 0.08028694231023244, 0.07562576396971267, 0.07359446239511878, 0.05938268679881238, 0.07631967687965883, 0.08746535414612568, 0.06224950337466793, 0.0562576776120725], "ST_conf": [0.11704615358002284, 0.08523429088960709, 0.07840989870728109, 0.05555210048609458, 0.05879835201830193, 0.06974992701397226, 0.0843949041429121, 0.05584785112897461, 0.057669209540380593]}, "Avg_F_Satisfaction": {"S1": [0.0016270617292676226, 0.3003886897934773, 0.3111978888225905, -0.043835398243667785, 0.019036159913501147, -0.014460657039822395, 0.013394993534079809, 0.003153046173825658, -0.011810021633700854], "ST": [0.19150358463159511, 0.591806556097612, 0.598011614610145, 0.1412295105992432, 0.12224109627745924, 0.1613102563961053, 0.2093085973627901, 0.12658606981977022, 0.09487783507507584], "S2": [[NaN, 0.0008683349149044561, -0.02897673281312818, -0.00264980675489776, -0.045376711601178496, -0.027813122746609874, -0.021618601239338286, -0.044512641128754096, -0.02133955674292789], [NaN, NaN, 0.08253643910995323, 0.09727603333922508, 0.014937174903289455, 0.05266993565920468, -0.013616833588124218, 0.004778157754511191, 0.033430645475731526], [NaN, NaN, NaN, 0.07403715463448951, 0.002793889444782885, 0.046329998191890084, -0.014979443183759551, 0.020398083852001158, 0.05098384172044538], [NaN, NaN, NaN, NaN, 0.03659070046111725, 0.027521490324911628, 0.03818402954816385, 0.042262221401738694, 0.0767209343043374], [NaN, NaN, NaN, NaN, NaN, -0.03729946954115115, -0.05341860959025255, -0.055405387845934455, -0.030765295483940185], [NaN, NaN, NaN, NaN, NaN, NaN, 0.005654028886316952, -0.019799068129601315, -0.005265792174555977], [NaN, NaN, NaN, NaN, NaN, NaN, NaN, -0.0036969274083085246, -0.014007405016408557], [NaN, NaN, NaN, NaN, NaN, NaN, NaN, NaN, -0.06710827378586864], [NaN, NaN, NaN, NaN, NaN, NaN, NaN, NaN, NaN]], "S1_conf": [0.10533658922513209, 0.13657709798512516, 0.1255232147605078, 0.06826382578504682, 0.06451001529637934, 0.07183328289822827, 0.0992278120905658, 0.06058176994217791, 0.04265049239670716], "ST_conf": [0.06076612132696577, 0.11882584272252616, 0.14955003624611615, 0.05607831712601351, 0.049815922924051716, 0.065827560468503, 0.0750042595286131, 0.06106346335285383, 0.04143153609733868]}, "Avg_S_Satisfaction": {"S1": [0.23435222217422763, -0.030151248333623492, -0.017545888155029627, -0.026135739418866263, -0.033786482958044796, -0.02963852071710308, 0.04281924460900847, -0.031572093134118365, -0.02632306030180832], "ST": [0.4555624286984126, 0.48979726027870646, 0.6517285220606192, 0.08703196029459341, 0.039533372936451136, 0.051130743151945615, 0.12695489919730915, 0.06215657848309375, 0.07399263414826579], "S2": [[NaN, -0.07916719979556701, -0.0216311759034901, -0.013153456386960475, 0.01083760214112129, -0.01320369773948906, 0.0075952484013127805, 4.856292736730994e-05, -0.006369593217214798], [NaN, NaN, 0.395888367075228, -0.06303955036106026, -0.06160271018657241, -0.058616481814901665, -0.08512336157224007, -0.055865389668955684, -0.0671380699779364], [NaN, NaN, NaN, 0.009352269828695178, 0.02801674089495443, 0.02610501640750661, -0.02072038042828455, 0.01774751637801897, 0.007638325705386105], [NaN, NaN, NaN, NaN, 0.07085158701852023, 0.07978222128589608, 0.07587248681592226, 0.07934858317465902, 0.07883293738738334], [NaN, NaN, NaN, NaN, NaN, 0.03499520055612523, 0.036032538918655786, 0.042136794381594796, 0.03469851272122912], [NaN, NaN, NaN, NaN, NaN, NaN, 0.01942657081710933, 0.025915918025145354, 0.018802579663971846], [NaN, NaN, NaN, NaN, NaN, NaN, NaN, -0.050044730518520555, -0.048575537029294805], [NaN, NaN, NaN, NaN, NaN, NaN, NaN, NaN, -0.0045930537038437295], [NaN, NaN, NaN, NaN, NaN, NaN, NaN, NaN, NaN]], "S1_conf": [0.1406487622547251, 0.12181847482523034, 0.12871622186062576, 0.0586419888517575, 0.0547477265049607, 0.05711131878122618, 0.09213902091544338, 0.06529882420854195, 0.07273309849514917], "ST_conf": [0.12227847651522931, 0.1245599503960099, 0.1588444894156171, 0.04891532669190772, 0.03158333227533747, 0.036208281500058254, 0.053346430980695206, 0.043763730191711196, 0.048664296963021554]}, "Avg_P_Satisfaction": {"S1": [-0.020454309403538092, 0.19432333728715767, 0.0973702797230702, -0.023930313264173032, -0.018840058983342702, -0.053565241245615056, -0.01960110462007496, -0.0714127763183283, -0.046741164151410865], "ST": [0.1953464203868596, 0.7940003040797862, 0.6070661172859292, 0.19846101960438425, 0.15508857668779574, 0.18244690248118814, 0.25813103867694787, 0.1653837208957846, 0.154862814172824], "S2": [[NaN, 0.08927231784170014, 0.011922281581479288, 0.03408336731103326, 0.02205164458894249, 0.051156097409629335, -0.01219780040614565, 0.0209217515735724, 0.06359931522296515], [NaN, NaN, 0.2551370027311892, 0.13014684316263667, 0.12818834897169037, 0.12333676006473303, 0.13677388018575176, 0.09993801880820861, 0.13753820597999125], [NaN, NaN, NaN, -0.03183930787175106, -0.10854317295398827, -0.0662637181981241, -0.062327150568554146, -0.05857712163174793, -0.05759178993179232], [NaN, NaN, NaN, NaN, -0.022228360363319096, -0.01920571365001407, -0.002516989400960564, -0.0004452614320996501, 0.008876197106004312], [NaN, NaN, NaN, NaN, NaN, 0.026776756078645974, -0.007816241282053521, 0.017822841184609292, -0.006872059717341943], [NaN, NaN, NaN, NaN, NaN, NaN, 0.0062676987325991675, -0.0006209493216654538, -0.01588988778323467], [NaN, NaN, NaN, NaN, NaN, NaN, NaN, 0.0651517003218112, 0.07784974631843913], [NaN, NaN, NaN, NaN, NaN, NaN, NaN, NaN, 0.029227384833986937], [NaN, NaN, NaN, NaN, NaN, NaN, NaN, NaN, NaN]], "S1_conf": [0.0767635564125119, 0.14843802448030402, 0.12889039192248644, 0.0860448178138158, 0.059662545176958, 0.06830199670163944, 0.08708861109561818, 0.05947217443146823, 0.06999426952540924], "ST_conf": [0.08300393898399562, 0.14924827537380206, 0.12256502648927117, 0.07122921855987804, 0.07848232314456623, 0.08847521032464797, 0.09824715759198774, 0.0858556791898102, 0.07496248847271038]}, "Avg_F_Uncertainty": {"S1": [0.04696871945787997, 0.044688988822986477, 0.16533711971191836, -0.02823452768028794, 0.010008108267215803, -0.0188907535723713, 0.04765479512193538, -0.03981196481514555, -0.01901301402279102], "ST": [0.4164586689695862, 0.5490317617148619, 0.6582813435353925, 0.20978705591103622, 0.2985716202388487, 0.2494103560932303, 0.40531112914633755, 0.2131476177558217, 0.21458671866453452],