{"Adoption Rate": {"S1": [0.9204105920897272, 0.0028740868935603504, -0.014179327692295253, -0.002829884911459545, 0.002893568864053705, -0.0007231720395820329, 0.008106751206511702, 0.00992285322701058, 0.0021599133147987217, 0.00680652274844528], "ST": [1.0032759423271187, 0.048792290006344975, 0.041053142795755705, 0.003158918047090933, 0.0016640553511287264, 0.0017634635429735791, 0.004841197505446051, 0.002242302233326426, 0.0019606638883951566, 0.002006382484534699], "S2": [[NaN, 0.024383779943953396, 0.034510454448450814, -0.005077864308610437, -0.009709036894675978, -0.008747996407304191, -0.010828667515874284, -0.01716537194875411, 7.567899284000989e-06, -0.009237350265577364], [NaN, NaN, -0.015117858971909157, -0.013704065709201796, -0.015305122865817242, -0.013611547518351462, -0.01683222443331087, -0.01666086978100184, -0.016242698040768735, -0.015872920095159553], [NaN, NaN, NaN, 0.017463642998650136, 0.01675792563846508, 0.018256386203409376, 0.016019592695125325, 0.01595075820024506, 0.015100973212291882, 0.014971810261793998], [NaN, NaN, NaN, NaN, 0.00607331696189467, 0.006000158472729406, 0.006024693864543483, 0.005823737322066265, 0.0062097739229541, 0.006799693405885777], [NaN, NaN, NaN, NaN, NaN, -0.004605574106078273, -0.004682958316931142, -0.004595430190192519, -0.004718096230085435, -0.00436871530802263], [NaN, NaN, NaN, NaN, NaN, NaN, -0.0016049881147965923, -0.0018646024787358703, -0.0018461709071372243, -0.001598513042546594], [NaN, NaN, NaN, NaN, NaN, NaN, NaN, -0.006760271346076973, -0.006698414205611127, -0.006446596134397815], [NaN, NaN, NaN, NaN, NaN, NaN, NaN, NaN, -0.006887427480875067, -0.006764903390289487], [NaN, NaN, NaN, NaN, NaN, NaN, NaN, NaN, NaN, 0.0017009766439869504], [NaN, NaN, NaN, NaN, NaN, NaN, NaN, NaN, NaN, NaN]], "S1_conf": [0.13903961365083503, 0.033879864562711894, 0.03385687977617066, 0.010669352309568303, 0.006561465094533026, 0.007202170100838022, 0.011183707099237536, 0.009210383411063713, 0.007270107199150159, 0.0070283707825789426], "ST_conf": [0.13925901440931396, 0.014799487593366521, 0.01152673694353867, 0.0010412080070981594, 0.0006062331770474941, 0.0006318358287445823, 0.001615609371502209, 0.0008798538218958165, 0.0006769437164793105, 0.0007175288702689636]}, "Avg_F_Satisfaction": {"S1": [-0.08110498383508868, 0.3443226253945491, 0.417777054361108, 0.004739826684801115, -0.002646271869192964, -0.019751941547950576, -0.0028276986697805197, 0.003209470602878046, -0.007348809545579086, -0.007552572564273731], "ST": [0.09570513314235816, 0.5796857542139215, 0.6385488368914171, 0.019686318826209914, 0.018638429132769453, 0.01852883872882058, 0.04047424566014007, 0.022562940145052935, 0.010894272645782651, 0.012884344166843354], "S2": [[NaN, 0.08853642167709452, 0.09183002954592323, 0.08179072392483346, 0.07169656646868042, 0.07941216871255788, 0.07417835240330044, 0.07248073850896482, 0.0783770337495694, 0.07910125900026298], [NaN, NaN, 0.07518316938198505, 0.030362120044358003, 0.05347682864415903, 0.08594653022167831, 0.036763096807612215, 0.056768376340720766, 0.046109255443602, 0.05006585493986766], [NaN, NaN, NaN, -0.03934737377162129, -0.01589478333749451, -0.005700581457434954, -0.01592425148801794, -0.03482068225203058, -0.0266560013441799, -0.025820430694619576], [NaN, NaN, NaN, NaN, -0.024516286707099006, -0.020231687368584057, -0.02159872999932139, -0.017429549797459892, -0.016618545324803016, -0.01812435238859956], [NaN, NaN, NaN, NaN, NaN, -0.004789422011616893, -0.007337145289167941, -0.0017290859597199092, -0.003404723524919633, -0.00273377475731236], [NaN, NaN, NaN, NaN, NaN, NaN, 0.02035877117027248, 0.027305327746007663, 0.024299060424852345, 0.021334399328956963], [NaN, NaN, NaN, NaN, NaN, NaN, NaN, 0.0031843892565925165, 3.9322143866421e-05, 0.003057987283761887], [NaN, NaN, NaN, NaN, NaN, NaN, NaN, NaN, 0.015924917780725696, 0.01790237955934701], [NaN, NaN, NaN, NaN, NaN, NaN, NaN, NaN, NaN, 0.00860466505797277], [NaN, NaN, NaN, NaN, NaN, NaN, NaN, NaN, NaN, NaN]], "S1_conf": [0.053804724424795336, 0.11919705199646718, 0.12939395299699372, 0.020988128003120197, 0.0209910970165292, 0.022289983974718423, 0.03260980079368204, 0.024699909211168294, 0.017642001713499094, 0.018666669829815807], "ST_conf": [0.02443483322514919, 0.1384803487788737, 0.1546288769948716, 0.006868606400811398, 0.006956739759061211, 0.004709209259303814, 0.010511832838060198, 0.008593373753343413, 0.0034659621591614544, 0.005297164063222517]}, "Avg_S_Satisfaction": {"S1": [0.08725174508154725, -0.013541733619806665, -0.032873993241088785, 0.0056777583052700495, 0.005026640148642234, 7.171504760795561e-05, 0.20439030830017157, 0.104352608797691, 0.004235109293064303, 0.004106186342674395], "ST": [0.15841272943396895, 0.1896836515365467, 0.18556913877469633, 0.00682030728862309, 0.001463986334969611, 0.0014275116396538488, 0.5875248558496735, 0.21504503291829635, 0.0008438809901746481, 0.0008613677850535344], "S2": [[NaN, 0.021756769372143978, 0.027686405481765826, 0.014623399893173405, 0.020034132185381432, 0.01473404508037839, -0.0005473237627746097, -0.0027654021793627748, 0.013910385293666845, 0.015362733867914416], [NaN, NaN, 0.20963437176174557, 0.10161466179093684, 0.09908529018709844, 0.10093125277508931, 0.049251704648525074, 0.03649929771804415, 0.09852039588795564, 0.09951985668751312], [NaN, NaN, NaN, 0.04629099756823296, 0.04757957383404879, 0.048637572811180564, 0.10686090167150059, 0.04778665345497664, 0.047386960170754354, 0.047307001541807815], [NaN, NaN, NaN, NaN, -0.0051511285417727756, -0.004715916025495959, -0.019659656796456176, 0.0023031545142326443, -0.004749773122686492, -0.004590730122929123], [NaN, NaN, NaN, NaN, NaN, -0.0033756103298350363, -0.0065947202817484285, -0.0034671886930037615, -0.0037317042989166473, -0.003579765005941423], [NaN, NaN, NaN, NaN, NaN, NaN, 0.0007595324339459142, -0.0009322385891462892, -0.0015193865069179913, -0.0012380292778971032], [NaN, NaN, NaN, NaN, NaN, NaN, NaN, 0.27310095046622734, 0.11776718242614526, 0.11825005190989435], [NaN, NaN, NaN, NaN, NaN, NaN, NaN, NaN, -0.09832803615545513, -0.09899358781113346], [NaN, NaN, NaN, NaN, NaN, NaN, NaN, NaN, NaN, -0.004301906139692496], [NaN, NaN, NaN, NaN, NaN, NaN, NaN, NaN, NaN, NaN]], "S1_conf": [0.08958037047653913, 0.09672277171072144, 0.0878962154783055, 0.012630988515946674, 0.006189517227447558, 0.005698804401044979, 0.13977007453496582, 0.09928469680062557, 0.0036429437007440726, 0.004213317131401081], "ST_conf": [0.05904653795263407, 0.07582953493459163, 0.06440434746780353, 0.00572654932430244, 0.0005889504568030762, 0.000588445666818842, 0.18372321742828437, 0.10585252096118222, 0.0004312678021531233, 0.00034563548507032327]}, "Avg_P_Satisfaction": {"S1": [-0.019724182094049823, 0.46527880298081903, 0.014456565476777624, -0.008828035503185117, -0.00918497516813572, -0.005311056638996757, 0.014492046604090347, -0.008161602441238116, -0.0028350689571278818, -0.0048366797683172405], "ST": [0.10658326686384184, 0.8959694636552524, 0.5096868080509173, 0.019552128428890415, 0.006209062474974892, 0.0073919087937104186, 0.06590899834270003, 0.02752870790619316, 0.008077666391222834, 0.006912534119626928],