{"Adoption Rate": {"S1": [0.9104088364292114, -0.005885678661920995, -0.019181819331968598, -0.00034003281128632456, -0.0063803313578614075, 0.007499213160206007, -0.0016303501916941202, -0.004464035116948614, -0.0012951035212080328, 0.0029730789499877877], "ST": [0.9930481665537564, 0.05179908352980652, 0.051941635084520314, 0.0034764049022705176, 0.002152234300356534, 0.002860593183133927, 0.009776991169147878, 0.0038724810291420205, 0.0027251568342754762, 0.0025468642918803127], "S2": [[NaN, 0.025475912751683788, 0.039150117713449326, -0.0007049435779528471, 0.0015880112388254432, -0.012160622955133024, 0.0028226809089718767, 0.0025449019527123053, -0.0015284379285855434, -0.010356087980167863], [NaN, NaN, -0.0074174026798668295, -0.008011945762026256, -0.005640437752937751, -0.006074509299021302, -0.004985772830884763, -0.0054086491999038085, -0.005372710262136817, -0.006617068489251532], [NaN, NaN, NaN, 0.022700405183980376, 0.02331022341441347, 0.019044047158040874, 0.023334285347043272, 0.02435204571225809, 0.02090257851747234, 0.021459720030676588], [NaN, NaN, NaN, NaN, 0.00810373589390122, 0.008156698539031535, 0.0074353794242595275, 0.009027975840887607, 0.008341023060424616, 0.008305787945184277], [NaN, NaN, NaN, NaN, NaN, 0.009967816779765357, 0.009821300724725679, 0.009674421761195696, 0.01013729504473694, 0.00984495575995726], [NaN, NaN, NaN, NaN, NaN, NaN, -0.019920857494394414, -0.01910885524595453, -0.01905933473286861, -0.019590753732169244], [NaN, NaN, NaN, NaN, NaN, NaN, NaN, -0.000877833406504859, -0.0003540244882736141, -0.000817370652574955], [NaN, NaN, NaN, NaN, NaN, NaN, NaN, NaN, 0.002633436942501524, 0.0019249845832948103], [NaN, NaN, NaN, NaN, NaN, NaN, NaN, NaN, NaN, 0.00025072911689337767], [NaN, NaN, NaN, NaN, NaN, NaN, NaN, NaN, NaN, NaN]], "S1_conf": [0.12285401254650145, 0.037716007991429386, 0.035860076752575715, 0.009886107707964302, 0.0086738989715422, 0.0084784161308019, 0.018913949306181548, 0.010165835302620703, 0.009281922023447787, 0.00944222062936087], "ST_conf": [0.12023541568633137, 0.014736277928024507, 0.01896948872035557, 0.0014852921204941837, 0.0006248900265145833, 0.001181916875154277, 0.003713978619051196, 0.0013845991121076908, 0.0010232339421121003, 0.0008450238730263719]}, "Avg_F_Satisfaction": {"S1": [-0.055810441355360806, 0.24552120292826532, 0.4394897817240808, 0.009638861743092185, 0.021705336318945636, -0.0024026703640307283, 0.05150306218679047, -0.0006870853759032102, 0.011043288155592924, 0.012812256179067056], "ST": [0.09028248327080345, 0.5084179741397338, 0.6582537276548014, 0.029427912594476396, 0.032273541029501814, 0.03887110708100953, 0.14351029442231372, 0.04504339126751268, 0.022049683658075584, 0.027586920607624993], "S2": [[NaN, 0.05204564450336621, 0.038628877948396034, 0.03347079194129313, 0.02559701040060758, 0.029688568751458994, 0.031385845917808554, 0.03480461313132562, 0.031009120606843257, 0.0297316347083752], [NaN, NaN, 0.07602381401382441, 0.0741345115034067, 0.08417423788826339, 0.09427167167113872, 0.013349335944376726, 0.05713138693752096, 0.0807989379960536, 0.07648425283388569], [NaN, NaN, NaN, -0.0439530678074677, -0.06018844983905794, -0.026480364101753157, -0.090798251113411, -0.03618612061454853, -0.04927053744634875, -0.037123414250014246], [NaN, NaN, NaN, NaN, -0.03325812886496978, -0.030270006529384514, -0.00998841708973175, -0.028076429265782233, -0.03289493071790034, -0.03566858632898729], [NaN, NaN, NaN, NaN, NaN, -0.004386649272480841, -0.012080507028883157, -0.008975944474043897, -0.0035946643041802704, -0.007046622718570478], [NaN, NaN, NaN, NaN, NaN, NaN, 0.028889647965286723, 0.028278429261799715, 0.025723773673565584, 0.02229776324382713], [NaN, NaN, NaN, NaN, NaN, NaN, NaN, -0.06449656469563245, -0.06736144114238268, -0.08163721815498813], [NaN, NaN, NaN, NaN, NaN, NaN, NaN, NaN, 0.0009992564554861076, -0.011077804918144184], [NaN, NaN, NaN, NaN, NaN, NaN, NaN, NaN, NaN, -0.011713943281507988], [NaN, NaN, NaN, NaN, NaN, NaN, NaN, NaN, NaN, NaN]], "S1_conf": [0.06736148040162684, 0.11635430029797753, 0.12150736705838197, 0.02766006675146277, 0.02836003026645468, 0.03444811346602548, 0.06592872841773537, 0.035401685578623915, 0.026553136555488292, 0.029921823794423638], "ST_conf": [0.022766848452250632, 0.12207371715186242, 0.13284955162563022, 0.011061063647373191, 0.010651967580831404, 0.010904678223350844, 0.03201721271786486, 0.012652554623109746, 0.0066799381872863235, 0.009881557306366289]}, "Avg_S_Satisfaction": {"S1": [0.010509026944711286, -0.02868130481193376, -0.022992025795270866, 0.0020336435642906276, 0.0019775805342494655, -0.0012197867197896145, 0.8001980104224556, 0.022497593337583093, 0.0007268040701491501, -0.0016516401663415438], "ST": [0.030167070188585814, 0.038394881965305536, 0.04631555069641095, 0.0018575392294731114, 0.000353242060599494, 0.0012584591376321604, 0.9206093434641117, 0.047528393276893975, 0.00026582479436100564, 0.0002585021728504837], "S2": [[NaN, 0.004938669253157637, 0.00891866246697293, 0.004758605251580698, 0.0049327961501052005, 0.0031462663185195623, 0.004081636555434698, 0.0012103537010699182, 0.004075981103139354, 0.00400504985804683], [NaN, NaN, 0.05971914366591395, 0.03623765371626342, 0.03503081052220951, 0.03547941843573002, 0.04335462018424052, 0.023541685891269485, 0.03548717090671743, 0.03611984865572727], [NaN, NaN, NaN, 0.020865046637417808, 0.020530615005888493, 0.01896456790422359, 0.03868534965578774, 0.02168619117292232, 0.020116755854635664, 0.020570815617066973], [NaN, NaN, NaN, NaN, -0.004368432564957732, -0.00404735693207245, -0.003500180086743465, -0.0042263196417091885, -0.004329877232586715, -0.00422580340026357], [NaN, NaN, NaN, NaN, NaN, -0.0014710058321786513, -0.0010565621062634811, -0.001886726637295829, -0.001503468009368878, -0.0014379927712071087], [NaN, NaN, NaN, NaN, NaN, NaN, 0.0003171405813714445, 0.004222427597586641, 0.0038607658119976557, 0.0038995772273278826], [NaN, NaN, NaN, NaN, NaN, NaN, NaN, 0.05577350164142099, 0.024439601226755574, 0.026347831848770636], [NaN, NaN, NaN, NaN, NaN, NaN, NaN, NaN, -0.026717909902108233, -0.025471215693667396], [NaN, NaN, NaN, NaN, NaN, NaN, NaN, NaN, NaN, -0.0001730179403292701], [NaN, NaN, NaN, NaN, NaN, NaN, NaN, NaN, NaN, NaN]], "S1_conf": [0.0372270702681179, 0.03758827487698977, 0.04135897316812729, 0.014459881842479379, 0.003400645985854603, 0.005925798408609278, 0.15208343685662168, 0.030958517540982347, 0.002804276031211611, 0.002121459894601188], "ST_conf": [0.01043126185869654, 0.013189646749783072, 0.016084751878721854, 0.0019103601775332189, 0.0001089335736016513, 0.00033775196831254046, 0.19038686043736686, 0.01345518830902417, 0.00010368461605507717, 8.520710810452391e-05]}, "Avg_P_Satisfaction": {"S1": [-0.01437617687110703, 0.4051137832959434, 0.09315139164448806, -0.009834673838548106, 0.0025842017290580916, 0.004268235052872701, 0.10883533131567916, 0.003919435081972376, -0.0019487259408755256, 0.0021896020898859603], "ST": [0.07682046540887782, 0.8446621526637501, 0.5279047210396443, 0.013128749228655747, 0.00736087377822097, 0.01422516087090421, 0.23295832274867417, 0.02738028269548875, 0.010282572273139765, 0.008652892978607605],