{"Adoption Rate": {"S1": [0.9011566886841037, -0.00795023605277996, -0.020541749556894685, -0.004316935845500461, -0.0029141368179835233, -0.0006258682450379937, 0.001386173664096378, 0.0024316565380420826, -0.004810903064267615, -0.003362653593915136], "ST": [1.0000832148113206, 0.05021079044710435, 0.04733736979298235, 0.0030514044895276035, 0.0028277108516591674, 0.0020574886674389723, 0.003625277342596519, 0.001961051656009029, 0.002233712499449425, 0.00321397851742894], "S2": [[NaN, 0.04060894626183882, 0.056736499912596314, 0.009651045272240859, 0.00826466545496923, 0.0031501179378888044, 0.0050448090849316025, -0.00046799088294277114, 0.014148127725176308, 0.004463706249661695], [NaN, NaN, -0.001878976140537298, -0.0006460574446985326, -0.0012164102909771263, -0.0019498679598317944, -0.004772399372928065, -0.005162717840162884, -0.002038605654821969, -0.0007007460581328444], [NaN, NaN, NaN, 0.025479660689581643, 0.02741304956206868, 0.024365293587515803, 0.023636451038675114, 0.021401738410312246, 0.026172587994536374, 0.026742750872194566], [NaN, NaN, NaN, NaN, 0.007737171842162388, 0.007738278130010776, 0.007219026842627796, 0.007614250970119592, 0.007855511118065412, 0.007955412263162015], [NaN, NaN, NaN, NaN, NaN, 0.0022121677951899227, 0.002052683551026757, 0.0021243240701782407, 0.0021106798533814886, 0.002173559466743755], [NaN, NaN, NaN, NaN, NaN, NaN, 0.002369629511641988, 0.0023906266315118388, 0.0027397889558617786, 0.002749220339134886], [NaN, NaN, NaN, NaN, NaN, NaN, NaN, -0.0015328928260952034, -0.0016953830443110513, -0.0016047121392423896], [NaN, NaN, NaN, NaN, NaN, NaN, NaN, NaN, -0.004805101136408667, -0.004855152280579551], [NaN, NaN, NaN, NaN, NaN, NaN, NaN, NaN, NaN, 0.0049116546276714145], [NaN, NaN, NaN, NaN, NaN, NaN, NaN, NaN, NaN, NaN]], "S1_conf": [0.12988809786086739, 0.04181484120943506, 0.03673594471517596, 0.009935441231043906, 0.010141947430461547, 0.007393665237007358, 0.009669162403766945, 0.008711033476512437, 0.00854362416017084, 0.010490798447625993], "ST_conf": [0.1355607567164495, 0.01405669913705641, 0.014895678694128398, 0.0009472880884367862, 0.000978286842012036, 0.0008168636978128122, 0.001001350663568689, 0.0007666520691935113, 0.0008348379350997171, 0.0017597261752102919]}, "Avg_F_Satisfaction": {"S1": [-0.07062644535262856, 0.32168398560116723, 0.4873322477271542, 0.0006049067710516919, 0.0069165931300319925, 0.007697570593561392, -0.0071918380724766235, -0.008278060933897546, -0.010087391844648215, -0.0074996877999546395], "ST": [0.09091524626466206, 0.5240387391478167, 0.6779885224504519, 0.01464387762370553, 0.01278678870479045, 0.01755011431140143, 0.02243497515551967, 0.012742126746829879, 0.010986460335499652, 0.00942766293350595], "S2": [[NaN, 0.07750396702604023, 0.07931705857979798, 0.09654836688537521, 0.08983507196886496, 0.08967712943366704, 0.09850065924936502, 0.08858119473952064, 0.09499224389013936, 0.09215119784864331], [NaN, NaN, 0.0671881243973298, 0.010125427224183184, 0.009024612512050353, 0.027484440820048268, 0.01397282131849396, 0.014483289091529405, 0.020941342236237753, 0.031406978613703014], [NaN, NaN, NaN, -0.023936866796558497, -0.018309054120124325, -0.03084500979277614, -0.024898855528270054, -0.02920128386355919, -0.016537724376480906, -0.014119884082727071], [NaN, NaN, NaN, NaN, 0.0013227017765982917, 0.003029969298389933, 0.0020627037566576046, 0.0022587766594118625, 0.0009654466297761583, 0.0016608010500534995], [NaN, NaN, NaN, NaN, NaN, -0.0005898383322198407, -0.0020560136857236374, -0.002968532370384259, -0.003409151156276765, -0.0023947042978159213], [NaN, NaN, NaN, NaN, NaN, NaN, -0.008256317706744246, -0.01291108204837952, -0.011992525681820859, -0.01403027629454542], [NaN, NaN, NaN, NaN, NaN, NaN, NaN, 0.0049881978954224885, -0.0009198118146740344, 0.003320780712925889], [NaN, NaN, NaN, NaN, NaN, NaN, NaN, NaN, 0.016690498975152145, 0.014450595041265064], [NaN, NaN, NaN, NaN, NaN, NaN, NaN, NaN, NaN, 0.01750461317858753], [NaN, NaN, NaN, NaN, NaN, NaN, NaN, NaN, NaN, NaN]], "S1_conf": [0.05139930899560006, 0.11400155053054405, 0.12283118660623576, 0.018330935085878932, 0.019652707907495275, 0.023525908442954643, 0.022233070569180672, 0.018041350339825693, 0.015150553220824186, 0.016145359281318685], "ST_conf": [0.021764372864686195, 0.1131219654264631, 0.15699346168648468, 0.004463925774262422, 0.0034861791859212405, 0.004092918571131359, 0.005965512604318972, 0.003357255878353905, 0.00367690689030052, 0.002830613731383948]}, "Avg_S_Satisfaction": {"S1": [0.13396308288418743, 0.007993082926959593, -0.01448643419625538, -0.013527775893368933, 0.002077828649327435, 9.648430232289292e-05, 0.1314822289461651, 0.08946183476145954, 0.0006019495190665491, 0.005044160347585098], "ST": [0.23467366344444915, 0.28885089073334125, 0.27180378084964624, 0.010520354017198847, 0.0022500075280253787, 0.0022276190492265865, 0.443581665646685, 0.16973848251868048, 0.0014523219439902208, 0.001504944374376217], "S2": [[NaN, 0.012170882411741924, 0.033440489907797535, 0.0171167428486882, 0.015823536588649538, 0.008392931860828238, -0.006797255119485923, -0.01394749941282715, 0.009589754624971311, 0.012150798100202025], [NaN, NaN, 0.2594437508955107, 0.09849865480811754, 0.08804123241807427, 0.09143544258958744, 0.054225137545260704, 0.0229505384302124, 0.0868482260544766, 0.09042999691333799], [NaN, NaN, NaN, 0.04244499963224538, 0.037839019348148484, 0.04163014842752844, 0.10484787402987697, 0.02467104455336512, 0.03854886729369759, 0.036696418686820984], [NaN, NaN, NaN, NaN, 0.01221053905361778, 0.01219062224984877, -0.00025480730507634886, 0.020605144270480727, 0.012681322595429362, 0.01280467008500328], [NaN, NaN, NaN, NaN, NaN, -0.006222364921967162, -0.003591748661994937, -0.005768790597803289, -0.006267337062018535, -0.0064409983543236285], [NaN, NaN, NaN, NaN, NaN, NaN, -0.0015792264796928301, -0.0011615640004816463, -0.002606251328173028, -0.0025484293160558252], [NaN, NaN, NaN, NaN, NaN, NaN, NaN, 0.20943326135986917, 0.08059207096980782, 0.07846895135458865], [NaN, NaN, NaN, NaN, NaN, NaN, NaN, NaN, -0.08710192419379793, -0.09027264245990231], [NaN, NaN, NaN, NaN, NaN, NaN, NaN, NaN, NaN, -0.005986602553850151], [NaN, NaN, NaN, NaN, NaN, NaN, NaN, NaN, NaN, NaN]], "S1_conf": [0.08388080654381222, 0.12965810372199477, 0.11398633747840646, 0.030073885935022887, 0.006081965606598363, 0.007198465312855043, 0.1398375481504698, 0.10239312210769572, 0.006029791071275136, 0.005905425225912914], "ST_conf": [0.08067810569350146, 0.10063102233641717, 0.09188553093459152, 0.006549969836176615, 0.000847915531808678, 0.0008032800022689624, 0.19034301449139185, 0.09296008020471488, 0.0006206481859113726, 0.0005532332893511214]}, "Avg_P_Satisfaction": {"S1": [-0.046814630956597394, 0.38849978252025974, 0.04956569991761169, -0.01095188970805793, -0.009057745942926222, -0.0012266756146905452, 0.004962590745991096, -0.012343390046285657, -0.004346580437312895, -0.016072020911569816], "ST": [0.10785602358531299, 0.8830645697788331, 0.610135061135519, 0.011555948654115791, 0.008265511330496652, 0.008154579935804495, 0.047157352983248316, 0.014529974326944174, 0.008408950586505917, 0.007770737548817952],