{"Adoption Rate": {"S1": [0.8574333672258074, 0.009800238213022951, 0.03677723886464179, -0.02428847603384384, 0.01566921855281806, -0.000220179735690213, -0.03910071511222311, 0.020390396412188032, 0.03100357536864668], "ST": [0.9692145578801102, 0.12206078246933989, 0.1130090180598094, 0.07470871662413331, 0.05511568496396666, 0.05230310465669941, 0.07817274030370122, 0.08712634207820688, 0.0716933193104781], "S2": [[NaN, 0.049018448747935206, -0.034219419079533964, -0.007219425242731704, -0.004646129389195015, 0.0024383546002124615, 0.049610589871861045, -0.017483334242937736, -0.04472009165483432], [NaN, NaN, -0.01663808517613831, 0.0021598035524612452, -0.016043517943449662, -0.00968611790091803, -0.001545622687511225, -0.01827585074592194, -0.01473335287255955], [NaN, NaN, NaN, -0.02852666121690183, -0.045148652602729156, -0.042084562528043074, -0.035149568537175914, -0.04946836768607636, -0.05875790970834806], [NaN, NaN, NaN, NaN, 0.025070020702795293, 0.02622079232335883, 0.02639732016682357, 0.02728031950966678, 0.039777821751663396], [NaN, NaN, NaN, NaN, NaN, -0.021475190016790102, -0.03752999318639786, -0.02456675387781882, -0.013113672504286043], [NaN, NaN, NaN, NaN, NaN, NaN, 0.02341783278711428, -0.00017457756831380788, -0.0024067018770642587], [NaN, NaN, NaN, NaN, NaN, NaN, NaN, 0.021978975292206084, 0.025118786495859947], [NaN, NaN, NaN, NaN, NaN, NaN, NaN, NaN, -0.00405038849085388], [NaN, NaN, NaN, NaN, NaN, NaN, NaN, NaN, NaN]], "S1_conf": [0.13503931829728533, 0.05421487173605846, 0.05190914042622503, 0.040778257485439416, 0.03289505200681824, 0.03295848289921671, 0.04861359046401873, 0.04566473444518938, 0.048942300617511], "ST_conf": [0.13456438187717876, 0.0479041396263093, 0.0483116066811998, 0.042941647218807236, 0.04208232617642529, 0.03869936371492027, 0.03819419310911604, 0.0494512101676249, 0.044536185310846584]}, "Avg_F_Satisfaction": {"S1": [0.014660845458248384, 0.23240773765802364, 0.0641888982237691, -0.004292078126519831, -0.019504411567571517, -0.02583162405639222, -0.012533538364030029, -0.04176117440252464, -0.007817328379266554], "ST": [0.21163797328885528, 0.7852913150715032, 0.7030100962310325, 0.2227205935277104, 0.20110961346524725, 0.2560572038602641, 0.1937303916917981, 0.22011506314570992, 0.17450329044377386], "S2": [[NaN, 0.1068052305024324, 0.06664302692757228, -0.036892867552733064, -0.02677002150608497, -0.05132505205251321, 0.002356331800147703, -0.058952173258167095, -0.0525876093007954], [NaN, NaN, 0.26894357599281005, 0.04878688580513163, 0.06500845172047523, 0.0660774881847167, 0.04910699258332156, 0.08936379072151268, 0.050903240116998295], [NaN, NaN, NaN, 0.08601880283529208, 0.07694849592520708, 0.13816832657860406, 0.11323926182326535, 0.13754639990066875, 0.1145587732306951], [NaN, NaN, NaN, NaN, 0.006884353462175124, 0.011909708117959876, 0.012039899004614055, 0.011624680149737967, 0.00044342876370620857], [NaN, NaN, NaN, NaN, NaN, 0.01040150614564242, -0.00930628410109122, -0.009921807961884077, 0.03001112287183239], [NaN, NaN, NaN, NaN, NaN, NaN, 0.020189473368073658, 0.007478698092317097, 0.03008535889032916], [NaN, NaN, NaN, NaN, NaN, NaN, NaN, 0.025943508071753513, 0.034436238923006325], [NaN, NaN, NaN, NaN, NaN, NaN, NaN, NaN, 0.03779668297135061], [NaN, NaN, NaN, NaN, NaN, NaN, NaN, NaN, NaN]], "S1_conf": [0.06710037066167139, 0.14713831295463542, 0.12289227597515358, 0.06233827109483612, 0.053799295122709215, 0.09704020858924699, 0.05824489821128725, 0.0781220872395519, 0.05800385478951036], "ST_conf": [0.07102799619031509, 0.1615775643363539, 0.2842884012818115, 0.17859711631536623, 0.1695887708923853, 0.3018452024565643, 0.1019597839827834, 0.1807568626588696, 0.09636756369870463]}, "Avg_S_Satisfaction": {"S1": [0.336400901939822, 0.02164625548515024, -0.08060646717258028, -0.010519950904441105, 0.027253580465464184, 0.016627762094367646, 0.0394019169340621, 0.007606829043980281, 0.013403161737088783], "ST": [0.48963467065774174, 0.5294306139633477, 0.46827331715955023, 0.06523462955845222, 0.043413845196810595, 0.03402943136040067, 0.16262084564257825, 0.03324144159134039, 0.056197949029866384], "S2": [[NaN, -0.05248258105283808, -0.05985877764268831, -0.033441397809453294, -0.048633923383228486, -0.042043884844788576, -0.019949148794792107, -0.03241088889372016, -0.05665633310132757], [NaN, NaN, 0.29478987707625154, -0.06265384070485425, -0.08822858209629697, -0.10261900220419157, -0.08875226193168544, -0.0670633879648185, -0.08104400482667978], [NaN, NaN, NaN, -0.06652319873323746, -0.08214437952728487, -0.10096679112406061, -0.08386326146768788, -0.08045719524756875, -0.06617298858132009], [NaN, NaN, NaN, NaN, 0.036864507018937606, 0.03627506365814853, 0.033187651977332575, 0.03476126555539478, 0.03557980067576174], [NaN, NaN, NaN, NaN, NaN, -0.021911552569088322, -0.023993020211823046, -0.026512579787388416, -0.030370363993319036], [NaN, NaN, NaN, NaN, NaN, NaN, -0.023626604105514818, -0.017570955831975432, -0.022613266338757612], [NaN, NaN, NaN, NaN, NaN, NaN, NaN, 0.026550696101936104, 0.011988344895194535], [NaN, NaN, NaN, NaN, NaN, NaN, NaN, NaN, -0.005615482536218863], [NaN, NaN, NaN, NaN, NaN, NaN, NaN, NaN, NaN]], "S1_conf": [0.12083625906603138, 0.1273479484999555, 0.10741411276845274, 0.04546136953886285, 0.03245245280778469, 0.031850123488924, 0.07888977692401199, 0.02652783080469523, 0.030165098256646223], "ST_conf": [0.1142108021057204, 0.10973819406552299, 0.12679712270061377, 0.028750440225156465, 0.026663386238228885, 0.02311894028504086, 0.06363083894225667, 0.023986345300761745, 0.03182150971560972]}, "Avg_P_Satisfaction": {"S1": [0.05256872847740726, 0.5533539054693257, 0.01826910738171411, 0.00876879900586659, 0.021594001142047146, 0.008554896914197115, 0.009789583873298795, 0.0034339965470836977, 0.0031380693385601945], "ST": [0.1433440360061756, 0.854071639867592, 0.45520895252709714, 0.17498376161377505, 0.10768270909906535, 0.12788487355947453, 0.211540268446998, 0.11785136788363058, 0.09387958431905555], "S2": [[NaN, -0.07900134577548823, -0.03469741633370821, -0.04716423159087718, -0.06271156348596214, -0.0031131956342803444, -0.0706917372344651, -0.0703308195004277, -0.061278256881086554], [NaN, NaN, 0.20217537373953492, -0.017369244914436487, -0.06789978548452516, -0.07920164759725859, -0.04447519168012963, -0.028671847496228246, -0.06756584588411785], [NaN, NaN, NaN, 0.0039670934474566565, 0.007572265837446933, 0.012977811161946245, -0.019564800899207445, 0.005080509323912923, -0.008030624917502702], [NaN, NaN, NaN, NaN, 0.023776034526048574, 0.028671275887016984, 0.03386640995777815, 0.03124379901235199, 0.027532426546507918], [NaN, NaN, NaN, NaN, NaN, 0.05682668061641116, 0.04546376801519217, 0.07409891046777249, 0.06792645715852183], [NaN, NaN, NaN, NaN, NaN, NaN, -0.0005284484729172288, -0.0018929155990816248, -0.005689788233219587], [NaN, NaN, NaN, NaN, NaN, NaN, NaN, -0.022300468083488074, -0.0011077266706631954], [NaN, NaN, NaN, NaN, NaN, NaN, NaN, NaN, -0.004392025886053108], [NaN, NaN, NaN, NaN, NaN, NaN, NaN, NaN, NaN]], "S1_conf": [0.061591320999941905, 0.15825457958825595, 0.11092106284262242, 0.082747236238246, 0.07515344089228161, 0.07224239723459942, 0.07968613433328887, 0.071086151276406, 0.04919786446988488], "ST_conf": [0.056362834775313286, 0.16033936024759898, 0.12421287185132458, 0.07979723598645826, 0.06937011872146591, 0.07158539754728122, 0.08991167241468945, 0.07160089391952584, 0.05102523701866175]}, "Avg_F_Uncertainty": {"S1": [0.18339545599954715, 0.04987152041856744, -0.042029097159575486, -0.004080747750538108, -0.06547855653040305, -0.06010392962135799, 0.004275324625926753, -0.019236393922807293, -0.00202597826152796], "ST": [0.7153775877064322, 0.608141223647489, 0.6883325419071179, 0.46139071472044135, 0.34098273397710377, 0.4610739363883755, 0.4827624038972883, 0.42337075639540167, 0.5164323561118744],