{"Adoption Rate": {"S1": [0.5652294692302048, -0.0013292797102328613, 0.034432593648628565, -0.018192544107604947, -0.0037953378930430564, 0.02341419571480463, 0.007388888411512877, -0.008478132061786168, 0.04389123378666467, 0.00399131808039199, 0.045099510136700355], "ST": [0.8476425497670279, 0.23255460156668373, 0.32431397744254337, 0.15812398156021157, 0.12200095395065692, 0.13411082901151328, 0.24112082824591774, 0.1539033784449733, 0.11657412159194523, 0.1061252670333865, 0.10279548901641364], "S2": [[NaN, 0.031106297244724995, 0.03346202408841241, 0.023252968557233678, 0.03897261444174501, -0.035148554083417105, 0.07669480513963799, 0.00756087610805257, -0.04077952267808057, -0.001330014953079048, -0.034532861980934], [NaN, NaN, -0.006255889266108396, -0.04982094598515785, -0.013809302340045074, -0.023424261704539758, -0.05343491413802761, -0.08090706248167116, -0.04176509132741605, -0.030415010224576704, -0.0369232883240083], [NaN, NaN, NaN, 0.05808749603057768, 0.028930052308301608, 0.007330112605256886, 0.03129423183801176, 0.039613773548849644, 0.05186705413412592, 0.048627644421724084, 0.010585257466581802], [NaN, NaN, NaN, NaN, -0.01396393925585638, -0.03959897269548682, -0.06240353621193659, -0.0526897558568482, -0.04492219195156341, -0.04180773498906078, -0.040309830050215135], [NaN, NaN, NaN, NaN, NaN, -0.0322765566545546, -0.051066935710369264, -0.05185353841627485, -0.03437367385951895, -0.03160274024658434, -0.02618817588812401], [NaN, NaN, NaN, NaN, NaN, NaN, -0.07034657356198887, -0.06532975933859846, -0.05298770620755404, -0.05005531081756316, -0.048131057811646664], [NaN, NaN, NaN, NaN, NaN, NaN, NaN, 0.011601688959438293, 0.039411857702596274, 0.028969511905700223, 0.042684043333682975], [NaN, NaN, NaN, NaN, NaN, NaN, NaN, NaN, -0.024915098316217514, -0.023151755825225374, -0.022043980064257708], [NaN, NaN, NaN, NaN, NaN, NaN, NaN, NaN, NaN, -0.07504361862531701, -0.0717140920612464], [NaN, NaN, NaN, NaN, NaN, NaN, NaN, NaN, NaN, NaN, -0.043632550700472866], [NaN, NaN, NaN, NaN, NaN, NaN, NaN, NaN, NaN, NaN, NaN]], "S1_conf": [0.14556029737302495, 0.08150367423055509, 0.0963879549354962, 0.066915850947433, 0.058208593182836506, 0.0600425989948526, 0.08877499315955106, 0.0706294546221998, 0.07002609195530314, 0.05645134994796904, 0.06510943346564387], "ST_conf": [0.12644803960881373, 0.07541101842433859, 0.09294880317945581, 0.07210508802952267, 0.06454176491640552, 0.06791278098600198, 0.08265607492953155, 0.07155912578084515, 0.06186349501020921, 0.06222644978736964, 0.054057570087266714]}, "Avg_F_Satisfaction": {"S1": [-0.021924601415984218, 0.29032872795013687, 0.4689750925585647, 0.02130867041234533, -0.011924907169376057, -0.007731314430698241, -0.041898250550098215, -0.03727206790606572, -0.0029700895330821973, -0.025229012705594144, 0.030868466014673628], "ST": [0.22636388153216064, 0.5558895004058425, 0.7367186360617519, 0.1326849112393003, 0.11940995396809882, 0.08648262057019482, 0.16492600251867703, 0.10730894976929475, 0.07935683877416311, 0.1173136177488081, 0.10389437530554907], "S2": [[NaN, 0.10730708763758545, 0.06921481178900563, 0.11270678423375466, 0.11887806357900968, 0.07353945598013786, 0.1260289352983857, 0.07271220664029365, 0.07817797146506894, 0.09595505976051197, 0.042362887887848706], [NaN, NaN, 0.08777607265002546, 0.0849621235362795, 0.1061862102588162, 0.04818811439385934, 0.07912488871083789, 0.07310757121412972, 0.07053427259390438, 0.08405022411977493, 0.010954421230915397], [NaN, NaN, NaN, -0.022225555619000168, -0.024427542324648163, 0.004010934969985222, 0.04131255956884089, -0.00025257416331882915, -0.017082957924586584, 0.018640801044506505, -0.07107532235799391], [NaN, NaN, NaN, NaN, -0.009889230475982835, -0.019880788682126393, -0.019773027431878754, -0.016229732748536875, -0.015482363959840378, -0.00520268602823579, -0.052912247726260214], [NaN, NaN, NaN, NaN, NaN, 0.05981169246197267, 0.07397674520581606, 0.05145053724970283, 0.07428052286262615, 0.07105549212466258, 0.03845504260603105], [NaN, NaN, NaN, NaN, NaN, NaN, 0.040051146241853755, 0.03227627138716223, 0.06293291875398077, 0.05225889079756576, 0.020337750190612236], [NaN, NaN, NaN, NaN, NaN, NaN, NaN, 0.11135108868380564, 0.1251718905727781, 0.12576935907889375, 0.08889437313731682], [NaN, NaN, NaN, NaN, NaN, NaN, NaN, NaN, 0.062022808880382294, 0.0853289601498867, 0.009736009878394535], [NaN, NaN, NaN, NaN, NaN, NaN, NaN, NaN, NaN, 0.061830005476812375, -0.013766740975977413], [NaN, NaN, NaN, NaN, NaN, NaN, NaN, NaN, NaN, NaN, -0.008204286343700525], [NaN, NaN, NaN, NaN, NaN, NaN, NaN, NaN, NaN, NaN, NaN]], "S1_conf": [0.0943777117657227, 0.14081551750740426, 0.14442008852379432, 0.05097913749723204, 0.05366762208282398, 0.04555945019761093, 0.06954297014028098, 0.054856273791080205, 0.05536605435594829, 0.07290357600470672, 0.0603849085940616], "ST_conf": [0.09837424687932934, 0.11302793058085664, 0.19922981787086258, 0.05572300746436318, 0.05337467173607212, 0.041516853087632824, 0.056391748846943236, 0.041719088429637466, 0.03779933822428652, 0.059527717592938394, 0.047745169002144205]}, "Avg_S_Satisfaction": {"S1": [0.5074444808211287, 0.0464869201180379, -0.006452310017706374, -0.03473690790522364, -0.01155495871588778, 0.0062003183013658635, 0.05067277210257315, -0.003385534863813739, 0.03165150805438412, -0.04076538198011662, 0.14850818565500246], "ST": [0.7641295984753931, 0.33159880721282664, 0.2902435019029513, 0.12123001581441337, 0.1142721227768194, 0.08287526499590075, 0.14585891714948468, 0.10003354835794723, 0.09429731031581891, 0.07744589864112601, 0.2680814832068084], "S2": [[NaN, 0.04376018976934837, 0.04192016835130293, 0.0026577255465915356, 0.015810811704273047, -0.04214779842539546, -0.01095583708930048, -0.03507308214954738, -0.059617498105030545, -0.0017090705336788234, -0.05242459284652756], [NaN, NaN, 0.11859953722426869, 0.02186471300075292, 0.06427933068031315, 0.04863653023922745, -0.0030934911892343264, 0.03714315894445015, 0.03142197271365242, 0.04170837922241515, 0.007342623996841741], [NaN, NaN, NaN, 0.0187292520587849, 0.0062894897625426875, -0.018307927682215223, -0.04231132815041069, -0.007304859371834303, -0.00878602084215006, -0.00425062882006929, -0.03476689358747778], [NaN, NaN, NaN, NaN, 0.05150623788612611, 0.020453750968944032, 0.0034179554254286787, 0.04834872927871293, 0.028266293401782272, 0.023828845260634265, 0.009633658951250179], [NaN, NaN, NaN, NaN, NaN, -0.004854521904535103, -0.015386260060965176, -0.002366772369623338, 0.0013709561935449366, -0.001436669243068421, -0.02586343326902038], [NaN, NaN, NaN, NaN, NaN, NaN, -0.030534438165232734, -0.013231280759682527, -0.011888308401803459, -0.0098441712204176, -0.026592352193297614], [NaN, NaN, NaN, NaN, NaN, NaN, NaN, 0.0056680307987673345, 0.007182187728615369, 0.016483779461492067, -0.002510183307764452], [NaN, NaN, NaN, NaN, NaN, NaN, NaN, NaN, -0.05154509156465957, -0.056269978224620425, -0.055582216311608465], [NaN, NaN, NaN, NaN, NaN, NaN, NaN, NaN, NaN, -0.05399401170262667, -0.07313603878276546], [NaN, NaN, NaN, NaN, NaN, NaN, NaN, NaN, NaN, NaN, 0.02724682275578494], [NaN, NaN, NaN, NaN, NaN, NaN, NaN, NaN, NaN, NaN, NaN]], "S1_conf": [0.1591627271360175, 0.092777626391407, 0.09951651013782323, 0.05535363863946093, 0.04862847765501084, 0.055626279012176504, 0.06987508512370724, 0.051888999893798284, 0.04994503807342369, 0.057693402497804795, 0.09317183784864885], "ST_conf": [0.1255784008579768, 0.08935346829776969, 0.09487628647147782, 0.06925678718605086, 0.06038164038380871, 0.04934626883566777, 0.05338190218661372, 0.06063584166184276, 0.056301655213955644, 0.04759970461287906, 0.07006539567262371]}, "Avg_P_Satisfaction": {"S1": [-0.003933598952952397, 0.305015155813542, 0.12083088855028745, 0.006208317474666615, -0.018669914915139755, -0.07075820119529, -0.0342915015304402, -0.05319627708203392, -0.045046607895419935, -0.03066751113160455, -0.007919656514413063],