{"Adoption Rate": {"S1": [0.5746537928410667, 0.04894267434582456, 0.07651730141149275, 0.030668431594311162, 0.00518992222788905, 0.01093952257383644, 0.046285938953671495, 0.022729275829356597, 0.021294270120214728, 0.04567925609179343], "ST": [0.7860503247318723, 0.20289686630898124, 0.4433067702533063, 0.15212245701879004, 0.0811976258657012, 0.09829035271284396, 0.14921343519813576, 0.12117760213354475, 0.10504865517337192, 0.136749964919567], "S2": [[NaN, -0.0007035129954845523, 0.07298830367525795, -0.022390180749278853, -0.042232600214864406, -0.018315907520910595, -0.022730024658249907, -0.018080570333732025, -0.012680076735439968, -0.015770143630330878], [NaN, NaN, -0.07431371797453187, -0.09934037734889709, -0.1145318827629634, -0.09247849266034418, -0.09927726848486645, -0.1344294312516382, -0.09403069823312366, -0.11586909001145171], [NaN, NaN, NaN, -0.0436736714629231, -0.022910894122904906, -0.013565780248515857, -0.040977098310064054, -0.06650917356142141, -0.01462954170357372, -0.022372712240486266], [NaN, NaN, NaN, NaN, -0.08108170259967763, -0.06075658060924294, -0.0602450338788446, -0.07834273897469568, -0.06261315872485747, -0.08051819931954002], [NaN, NaN, NaN, NaN, NaN, -0.0012943862398389176, -0.0008133283407448094, -0.029568529468934714, -0.002466294002679701, -0.02331742375234072], [NaN, NaN, NaN, NaN, NaN, NaN, -0.014657442035267677, -0.013615634874312055, -0.022080659876482694, -0.010601571098631364], [NaN, NaN, NaN, NaN, NaN, NaN, NaN, -0.10188859142442419, -0.07520118117744949, -0.10158867591470032], [NaN, NaN, NaN, NaN, NaN, NaN, NaN, NaN, -0.02704890880514064, -0.029321956765790524], [NaN, NaN, NaN, NaN, NaN, NaN, NaN, NaN, NaN, -0.058945404924423773], [NaN, NaN, NaN, NaN, NaN, NaN, NaN, NaN, NaN, NaN]], "S1_conf": [0.14802386755352706, 0.07048278852411383, 0.12267925954754302, 0.06687101013389948, 0.05389904467654976, 0.050746253841581115, 0.07528908202570463, 0.0566207744311236, 0.047162742505634674, 0.06755849782391521], "ST_conf": [0.11221256241719285, 0.07584617512653163, 0.10894438861019522, 0.07268053059131249, 0.05559102098088886, 0.0574388128379599, 0.06746170398616513, 0.05920178706621099, 0.05366367122079984, 0.06390516868942517]}, "Avg_F_Satisfaction": {"S1": [-0.008211369341691262, 0.2925413484222231, 0.5072740831050156, 0.008404256918215149, 0.006064899936753421, 0.02783134772747528, 0.04876456253452821, 0.04220538583250514, -0.006372636095176448, 0.03794108118771235], "ST": [0.11871066461589205, 0.5180059041257303, 0.7394182024938173, 0.12297722345276615, 0.08210612269799765, 0.08968551845451789, 0.08569776304910674, 0.10220525612946692, 0.0697032561793517, 0.08783135401361278], "S2": [[NaN, -0.006349702180125316, 0.0387307406399674, 0.08904000835504391, 0.015460711499728684, 0.09345203506550609, 0.09877403589187536, 0.03613810066316785, 0.06467002151008025, 0.04324119884729956], [NaN, NaN, 0.007594578560586984, -0.030856569367369947, -0.05700787101744813, -0.01955933950060476, -0.04751986685367143, -0.07998275579955014, -0.03711622753688891, -0.059209501850821925], [NaN, NaN, NaN, -0.06632631781730478, -0.08124797410190367, -0.0584588679727123, -0.09298179845992754, -0.12130373665457508, -0.058765629717317205, -0.12257373107172777], [NaN, NaN, NaN, NaN, -0.06537705043560023, -0.06557125002246482, -0.06326613288615543, -0.06784126408830808, -0.0715260860266876, -0.07367380761592361], [NaN, NaN, NaN, NaN, NaN, -0.019371068610392225, -0.01235075287734741, -0.03847438607371548, -0.0021793597537637455, -0.004491990009557793], [NaN, NaN, NaN, NaN, NaN, NaN, -0.00875196384585987, -0.012897430797339161, -0.004023807487141705, -0.0029288810980823005], [NaN, NaN, NaN, NaN, NaN, NaN, NaN, -0.09658944457515067, -0.06712615305475485, -0.07341009889417094], [NaN, NaN, NaN, NaN, NaN, NaN, NaN, NaN, -0.05502433345216183, -0.05614230675369672], [NaN, NaN, NaN, NaN, NaN, NaN, NaN, NaN, NaN, 0.021166650782163843], [NaN, NaN, NaN, NaN, NaN, NaN, NaN, NaN, NaN, NaN]], "S1_conf": [0.0767048978171719, 0.18010040041466152, 0.14318881576256054, 0.06108240452373756, 0.0376322728889166, 0.03981889299710626, 0.044598973744781605, 0.0451823813379427, 0.039823589507547386, 0.04631328044425157], "ST_conf": [0.041705332207817164, 0.08914911200085711, 0.1737045103669492, 0.05094347433177003, 0.05597361409904264, 0.03985262070212292, 0.029362229517772766, 0.05905788146433756, 0.032188152628608115, 0.03437111783892583]}, "Avg_S_Satisfaction": {"S1": [0.38803220094183455, 0.05852546389631532, -0.00830001408883214, 0.0060086367975424465, 0.02965330995873533, -0.04921491848836228, 0.015488527999947807, 0.01043297754535467, -0.027968444509057108, 0.08726620701544699], "ST": [0.7164327372021349, 0.29337958439526024, 0.26701974109162335, 0.07933414910974741, 0.0398985110648672, 0.04765083376946579, 0.10400953088348834, 0.062391273427789606, 0.07801708820428231, 0.2542139842679781], "S2": [[NaN, -0.0007750671157579977, 0.024463308006074942, -0.0019122788618781833, -0.06046377377497769, 0.014061022256981956, -0.024534709839466526, -0.055876086542269346, -0.005049747451356671, -0.0017442474930463858], [NaN, NaN, 0.029679606939430114, -0.05587889427411985, -0.04965362201541246, -0.01947029989293736, -0.033861451880023194, -0.052031297334785315, -0.048564351839555375, -0.06791647634172449], [NaN, NaN, NaN, -0.04919642965354619, -0.04429119770420199, 0.002202309104912273, -0.03977293821310792, -0.036059512049663164, -0.007964525443863574, -0.007888551902173052], [NaN, NaN, NaN, NaN, -0.028345431113023595, -0.006621937512513151, -0.013892071780541559, -0.022330092097537634, -0.007430051323521234, -0.03057032181713855], [NaN, NaN, NaN, NaN, NaN, -0.020707350179956438, -0.03355938268297472, -0.052680126710403966, -0.02373562515177319, -0.025966448386477617], [NaN, NaN, NaN, NaN, NaN, NaN, 0.059836610925659714, 0.053935801592444, 0.037008206345540653, 0.03665254300109533], [NaN, NaN, NaN, NaN, NaN, NaN, NaN, -0.04014442680309789, -0.00701969978076351, -0.022097365846444006], [NaN, NaN, NaN, NaN, NaN, NaN, NaN, NaN, -0.00022991045972066068, 0.013515281602386908], [NaN, NaN, NaN, NaN, NaN, NaN, NaN, NaN, NaN, -0.019223564687520844], [NaN, NaN, NaN, NaN, NaN, NaN, NaN, NaN, NaN, NaN]], "S1_conf": [0.13303751068181202, 0.09650767638620589, 0.09761854547050336, 0.051663775578978756, 0.043681753300846574, 0.04158913065048898, 0.06346821062619855, 0.05442100035805834, 0.05130177964018435, 0.09379279605232234], "ST_conf": [0.13821144498379206, 0.09853063528207592, 0.08515482580656634, 0.036492317022472666, 0.029543479959154482, 0.029290635984779958, 0.044340283484352434, 0.037094167778294274, 0.04405549173089782, 0.05821508295142238]}, "Avg_P_Satisfaction": {"S1": [0.022645436244434932, 0.37576428930328964, 0.19024399366613656, 0.024892376295510818, -0.0009408448552790941, 0.019706828448049902, 0.031971679335814254, 0.04055496491398465, -0.022722814235995356, -0.06384804144438472], "ST": [0.09915620695334151, 0.732204169438065, 0.6895958939098471, 0.10062149456767149, 0.0665549852655519, 0.09331158142711625, 0.12074979758851094, 0.1683014251939832, 0.10052094637654489, 0.12401736343701546],