{"Adoption Rate": {"S1": [0.9262843177543836, 0.026549083929948245, 0.009045455917648564, 0.01765291111703695, 0.04044634577908374, 0.020606394793268742, 0.01377703656636279, 0.006236783091885868, 0.013908224397621028], "ST": [0.970096880843433, 0.11296441670085165, 0.06007282479320109, 0.05133269341360786, 0.0684879009547845, 0.04807710495049084, 0.0572093549793895, 0.07144744400898759, 0.05361004020024187], "S2": [[NaN, 0.006084098190933487, -0.006927589387336135, 0.013625747757275077, -0.03309199070474883, -0.02968012392283624, -0.00965168621041227, -0.0015550628226371332, -0.010985461829881317], [NaN, NaN, -0.004285093998294335, -0.0027495292586038403, -0.018965562143909494, -0.003005622202838447, -0.007520434965860329, -0.0012202701090344072, 0.005548279304884123], [NaN, NaN, NaN, 0.01916186410198889, 0.005708641906378986, 0.017412032134353758, 0.022044470767637027, 0.016301644328540005, 0.019532153740039193], [NaN, NaN, NaN, NaN, -0.028256273452707897, -0.00980195056503266, -0.028060308814270515, -0.04214269787871229, -0.028435655208034764], [NaN, NaN, NaN, NaN, NaN, -0.014813548021778436, -0.033114950112670544, -0.04327476054078474, -0.03473231350602555], [NaN, NaN, NaN, NaN, NaN, NaN, 0.010415998578378598, -0.001466312769281072, 0.012860684057389113], [NaN, NaN, NaN, NaN, NaN, NaN, NaN, -0.00020126005899409084, 0.011976984097755954], [NaN, NaN, NaN, NaN, NaN, NaN, NaN, NaN, 0.016395050730478207], [NaN, NaN, NaN, NaN, NaN, NaN, NaN, NaN, NaN]], "S1_conf": [0.12623123780692153, 0.05424934589553003, 0.037000638564273804, 0.034603132449940496, 0.041013556395517715, 0.03792006169126345, 0.035792409742447365, 0.0497361699903367, 0.03102153247834185], "ST_conf": [0.132559755310507, 0.05076690124850806, 0.03787298545483132, 0.038650254011510156, 0.0457308880819093, 0.03732666096315305, 0.040259285913106006, 0.03552090283666573, 0.03603974859906157]}, "Avg_F_Satisfaction": {"S1": [0.055661570588842614, 0.41758298798507165, 0.11109880193026714, 0.005807175803937482, 0.0015697541511422227, 0.01606195749445965, 0.010344502517444856, 0.04370644796522606, 0.017042647507690176], "ST": [0.11328905676963628, 0.7143591618712283, 0.3926259569345572, 0.07293943014395543, 0.06146824513154736, 0.046668983203507104, 0.04321418507449773, 0.14306085097455565, 0.1379767914155071], "S2": [[NaN, -0.03459167372249672, -0.062188081736226315, -0.06457710324868261, -0.07745189281037378, -0.07579183899336042, -0.07974932078901643, -0.07906695813078297, -0.08878894140853583], [NaN, NaN, 0.0915756241078903, -0.010788505251710724, -0.009646070276169295, 0.0034888477974821044, -0.003417918344774243, -0.005681781527539245, 0.028339309458666487], [NaN, NaN, NaN, 0.05707193472006637, 0.04769804645627431, 0.07065315935494196, 0.012225579318265248, -0.007107118483706279, 0.03788148285752603], [NaN, NaN, NaN, NaN, -0.023824328395459296, -0.03913844620016336, -0.03559140930393277, -0.03665645880226546, -0.013479022859536572], [NaN, NaN, NaN, NaN, NaN, -0.004369416574971334, 0.005380102562767927, -0.012232358054012855, 0.009361308348414567], [NaN, NaN, NaN, NaN, NaN, NaN, -0.03293971452945693, -0.031040585109243762, -0.049364477460012594], [NaN, NaN, NaN, NaN, NaN, NaN, NaN, -0.059146541949478784, -0.024194568162326815], [NaN, NaN, NaN, NaN, NaN, NaN, NaN, NaN, -0.12313226431655679], [NaN, NaN, NaN, NaN, NaN, NaN, NaN, NaN, NaN]], "S1_conf": [0.055484507271855284, 0.12977887192053084, 0.09706410502940191, 0.046859886499255994, 0.048799685445076874, 0.043541028837984906, 0.030409647894242012, 0.0625763078785562, 0.05441629071382643], "ST_conf": [0.036441749775268775, 0.15013166079884321, 0.11426692961787223, 0.03907172333131195, 0.03724900724020206, 0.02704867246873799, 0.015736333308051003, 0.03968229114169366, 0.16025151359868733]}, "Avg_S_Satisfaction": {"S1": [0.17584227329332822, 0.04583234826837459, 0.026855215728935983, -2.6892719079451046e-05, -0.00964691221820425, -0.005731795890642211, 0.0958857312235328, 0.21575570446861206, 0.0035921269067969415], "ST": [0.24761561597213136, 0.156327781724661, 0.10860256289730515, 0.017848826588681158, 0.013523957361967471, 0.007196948196566745, 0.39404369092750974, 0.4514764267702818, 0.04656874298894516], "S2": [[NaN, -0.02217986484728706, -0.02773465258415561, -0.020368431637344378, -0.013959900913904439, -0.005819240090927241, -0.037562717274528895, 0.016707460405972152, -0.0014808001250143062], [NaN, NaN, 0.062268033881309, -0.008957234673419528, -0.018750486205152413, -0.011430204638881804, -0.03804152955503937, -0.017716801929001463, -0.03132987256766285], [NaN, NaN, NaN, -0.033047919985579245, -0.04015962781334803, -0.038779959352586824, -0.040857803450646504, 0.016790015318767337, -0.055636493656095076], [NaN, NaN, NaN, NaN, -0.006718881977526639, -0.007830484690766443, -0.004708531886017511, 0.008978743094133185, -0.00915051262441588], [NaN, NaN, NaN, NaN, NaN, 0.007511501462671757, 0.003771306085200807, 0.001986228805503809, 0.007620583027917659], [NaN, NaN, NaN, NaN, NaN, NaN, 3.0411866817806055e-05, 0.019260317918537828, 0.013753309537886723], [NaN, NaN, NaN, NaN, NaN, NaN, NaN, 0.24690834561955807, 0.15654098640628802], [NaN, NaN, NaN, NaN, NaN, NaN, NaN, NaN, -0.009035611954390146], [NaN, NaN, NaN, NaN, NaN, NaN, NaN, NaN, NaN]], "S1_conf": [0.08882991199880616, 0.06325649678204433, 0.053811217837367496, 0.014542124297691316, 0.01235714054436651, 0.01191327491631984, 0.10646315990403925, 0.11548867558491603, 0.03820841725945636], "ST_conf": [0.06527827443660296, 0.04961354622941025, 0.03653382342816386, 0.011008346624672304, 0.0187120706608959, 0.007546093449961894, 0.1021221099429892, 0.11281733749510797, 0.016014639551630568]}, "Avg_P_Satisfaction": {"S1": [0.018381331713773177, 0.6082637989176838, 0.04273027485437445, -0.03446380825671461, -0.024560302670165596, 0.016702264183812533, 0.028007230101359974, 0.016678020017080786, -0.019530967508043156], "ST": [0.10323559042982654, 0.8382098611155696, 0.3240023701749513, 0.1618675001512377, 0.10096478319047328, 0.07513622108523164, 0.12568032332006204, 0.16642860499428153, 0.12245120148523031], "S2": [[NaN, -0.024129310777943114, -0.006551453666205999, 0.0458022494675408, 0.0345788784503779, 0.04159382861935487, 0.03177856295965033, 0.06367833759590842, 0.01653089732562109], [NaN, NaN, 0.01786783988707371, 0.0223543450132239, -0.07048398895919075, -0.1058059728482053, -0.03521395993003584, -0.10340258926535732, -0.04493396865483602], [NaN, NaN, NaN, 0.0004938771164374536, -0.0007878521718756651, 0.01143501344735125, 0.0050991056089170934, 0.036972345102853285, -0.007720002770897325], [NaN, NaN, NaN, NaN, 0.1360168050402592, 0.12846939740887015, 0.13006807048689675, 0.15261532841090672, 0.13047074615166976], [NaN, NaN, NaN, NaN, NaN, 0.03647788113477765, 0.02633858830403735, 0.04368336284698958, 0.014242530037183666], [NaN, NaN, NaN, NaN, NaN, NaN, 0.010776681251201441, 0.015251556142332545, -0.009117912640172792], [NaN, NaN, NaN, NaN, NaN, NaN, NaN, 0.011692103617744316, 0.008983803169382572], [NaN, NaN, NaN, NaN, NaN, NaN, NaN, NaN, 0.06594220135649687], [NaN, NaN, NaN, NaN, NaN, NaN, NaN, NaN, NaN]], "S1_conf": [0.05767727427288085, 0.14985516096668614, 0.09649720705363525, 0.0571214914294244, 0.042296669115437044, 0.05499087861154411, 0.06362706535062, 0.06974871422242188, 0.04706723053001314], "ST_conf": [0.057270622113747734, 0.1659092778880773, 0.08243047220882829, 0.07995197500291733, 0.08458111059597084, 0.06750328180859416, 0.06672013338157477, 0.06273779181304506, 0.07841064630312232]}, "Avg_F_Uncertainty": {"S1": [0.2932927512962286, 0.16415722018188106, 0.032784332359608225, -0.017918570331249217, 0.016017812059387064, 0.01736442065321702, -0.04260661361347775, -0.016203646031497106, -0.00043562606501657117], "ST": [0.72861167014117, 0.6521963279362385, 0.25735828484241874, 0.14399565154417387, 0.1824542370860387, 0.14586239960718714, 0.13703301263833004, 0.26915972120745485, 0.4080938413664846],