{"Adoption Rate": {"S1": [0.6002584779757917, 0.0041429225622699305, 0.04407086470363392, 0.023386026564754907, 0.021979105605177438, 0.008399385391182073, -0.03198293790501383, 0.015921613891606297], "ST": [0.8458794923724942, 0.2645313093959106, 0.22372594967179454, 0.09431798958781112, 0.05210511634519243, 0.13113985388668625, 0.13390914089318623, 0.10401681604140227], "S2": [[NaN, 0.163059734365642, -0.008695103524936805, -0.002314526893334272, -0.0386234684749803, 0.061831377246823686, 0.08011336334695096, 0.006187182422133113], [NaN, NaN, -0.05962321624459386, -0.10231534373961637, -0.11034562664800243, -0.1198162136958483, -0.06974759812567573, -0.09951681628736123], [NaN, NaN, NaN, -0.07486286095091255, -0.07653104559862454, -0.030360105303147485, -0.040777105040290376, -0.054577635143436685], [NaN, NaN, NaN, NaN, 0.0058508284556839825, 0.019680312856584184, 0.022844168857015408, 0.015884147372841585], [NaN, NaN, NaN, NaN, NaN, -0.030803085080152864, -0.0322761264909425, -0.029208697516967454], [NaN, NaN, NaN, NaN, NaN, NaN, -0.0004149989983845623, -0.017560676835637362], [NaN, NaN, NaN, NaN, NaN, NaN, NaN, -0.002046748414529339], [NaN, NaN, NaN, NaN, NaN, NaN, NaN, NaN]], "S1_conf": [0.13804634268149416, 0.07599217554647136, 0.07149697613799899, 0.0453430758994359, 0.041550615479369835, 0.05136776222033754, 0.05458167697764126, 0.056632983463850844], "ST_conf": [0.14445958939019188, 0.08518742086903419, 0.07412625938944048, 0.052429067579465145, 0.043018331201474, 0.07088830814332252, 0.06033641647156202, 0.052193776932154316]}, "Avg_F_Satisfaction": {"S1": [0.009598791472686226, 0.36395377870604195, 0.1983245890929278, 0.00580069902870563, 0.03928375484415671, 0.05387596655021615, 0.04930584869680837, 0.004125277173746849], "ST": [0.1806004845560163, 0.578750286535712, 0.44437650261559525, 0.15842888467644956, 0.10835626355864064, 0.13978929063573084, 0.15133551759186248, 0.10985373105906716], "S2": [[NaN, 0.038058945599812044, 0.0010954918286383286, -0.03733360997248902, -0.049342282339973294, -0.006546765505266838, -0.0441417845137137, 0.0051243954606276735], [NaN, NaN, 0.15850143383407747, 0.07892256967179977, 0.018155970915613315, 0.01649571740977024, -0.015705038858632107, 0.06777137365658352], [NaN, NaN, NaN, 0.03354194025783082, -0.023411984795899024, -0.03175986781540918, 0.040915779447466695, 0.04952783667007572], [NaN, NaN, NaN, NaN, -0.011810954428053442, -0.016159092527671393, -0.0435278889529183, 0.0028728340875595034], [NaN, NaN, NaN, NaN, NaN, -0.0375743935455952, -0.059360394415466186, -0.04641647820233942], [NaN, NaN, NaN, NaN, NaN, NaN, -0.04775819040766953, -0.05387803456809221], [NaN, NaN, NaN, NaN, NaN, NaN, NaN, -0.017281493124965186], [NaN, NaN, NaN, NaN, NaN, NaN, NaN, NaN]], "S1_conf": [0.09509139213564882, 0.13353120697523424, 0.10540322400183867, 0.07289571984380028, 0.05766851134442155, 0.06192079090595692, 0.0698198462377277, 0.057593700254238406], "ST_conf": [0.05398668464971591, 0.11989543601058657, 0.1103089346836844, 0.07739806453590499, 0.06803217359685788, 0.051005181036967016, 0.06528790289736419, 0.05737929978987373]}, "Avg_S_Satisfaction": {"S1": [0.44448934913007065, 0.043170690926626655, -0.03286012058154435, -0.034662698107210614, 0.0013614887977441694, -0.016317610009630622, -0.03768260610990381, 0.11740435956949997], "ST": [0.7641813098138482, 0.35265716872054614, 0.192286961293698, 0.06379241328173703, 0.047310800909330826, 0.09243339460315501, 0.12465439528474868, 0.23151898565732767], "S2": [[NaN, 0.12081126920400595, 0.09227349610794948, 0.07286323812397538, 0.025025906287322874, 0.0847915936515612, 0.12222324062502554, 0.10000275691850984], [NaN, NaN, 0.06655645546822228, -0.01059913869138112, -0.04946384862787199, -0.03155324748132783, -0.019667452064692136, -0.06325438564844485], [NaN, NaN, NaN, -0.013477050032007741, -0.026844329520220644, 0.022993692311121992, 0.03368853824214338, -0.02141611878445475], [NaN, NaN, NaN, NaN, 0.07633083912748401, 0.08361131024555048, 0.09911097243312991, 0.0687549320252822], [NaN, NaN, NaN, NaN, NaN, -0.009001599073596548, -0.008508421668637953, -0.02106365268095646], [NaN, NaN, NaN, NaN, NaN, NaN, 0.0059341977651876585, -0.010310833447216325], [NaN, NaN, NaN, NaN, NaN, NaN, NaN, 0.04448633317344096], [NaN, NaN, NaN, NaN, NaN, NaN, NaN, NaN]], "S1_conf": [0.14363554346371485, 0.10107586887434576, 0.07927843698424154, 0.04865004965995158, 0.028918061355475456, 0.04736157559274844, 0.053383952881465975, 0.08035016595633353], "ST_conf": [0.15316812237134303, 0.10335247409966872, 0.06667761714014056, 0.034601884277772194, 0.042228532544582226, 0.049017779885882046, 0.04378181936227084, 0.0632037580587053]}, "Avg_P_Satisfaction": {"S1": [-0.04490691492725576, 0.65923285396859, 0.10732158692442935, 0.04788298201027831, 0.03419172623156672, -0.012013722095442948, 0.0036636025990614486, 0.023969464814293715], "ST": [0.2563181815236796, 1.0488195335484574, 0.4655658721068211, 0.29932829437128783, 0.13538526826715216, 0.2520004174617598, 0.2267022110742993, 0.18368553655433023], "S2": [[NaN, 0.09399631592413593, 0.13118785602139948, 0.13837733502748262, 0.14229251474420784, 0.1548316799159868, 0.14348039709345786, 0.14556626762837827], [NaN, NaN, 0.014642133110622832, -0.010160112807702251, -0.11356431196490821, 0.008572928590310015, -0.04745746274432599, -0.03320769315009428], [NaN, NaN, NaN, -0.013962451539881349, 0.00967001380270014, 0.0566296496838109, 0.06892167609298648, 0.022089518830518916], [NaN, NaN, NaN, NaN, 0.0012079821477330374, 0.05024143845417835, -0.012168366746802571, -0.0018531225277241027], [NaN, NaN, NaN, NaN, NaN, -0.0013691589183626712, -0.000821218942653711, 0.0011861018334845368], [NaN, NaN, NaN, NaN, NaN, NaN, 0.12692938271781257, 0.10900272930206853], [NaN, NaN, NaN, NaN, NaN, NaN, NaN, 0.05646394694668058], [NaN, NaN, NaN, NaN, NaN, NaN, NaN, NaN]], "S1_conf": [0.07659964964448192, 0.14972701979154848, 0.10020865713684102, 0.09151352639111003, 0.04581706036919522, 0.08616032119872276, 0.060983605410616676, 0.0607523165568074], "ST_conf": [0.10479580280115586, 0.15652523579218444, 0.12306246437127329, 0.1166785454234006, 0.08112375437166722, 0.10578095063985041, 0.09633935255407537, 0.09007372873083071]}, "Avg_F_Uncertainty": {"S1": [0.012025578601451894, 0.14965218817354342, 0.029288501056928543, -0.042996881196471576, 0.051798960900754226, -0.010168896102826157, 0.011436500661470885, -0.06787555684810317], "ST": [0.5031543798996778, 0.5928209567970624, 0.5208640673925092, 0.35893454525690194, 0.29800777721422994, 0.4080706275932942, 0.4008619335958115, 0.32526710778321316], "S2": [[NaN, 0.14363176707677427, 0.15663435185740038, 0.10431005840707812, 0.07191679810228219, 0.15188006946215377, 0.06934077279269645, 0.1597402408129058], [NaN, NaN, 0.1920959156061896, 0.11751578711780625, -0.023284908142082755, 0.07462063910637119, 0.045844271898797286, 0.13193348319729298], [NaN, NaN, NaN, 0.18151660626143476, 0.06996305332225769, 0.0890723778776081, 0.24238770762882156, 0.1904646919752593], [NaN, NaN, NaN, NaN, 0.05248402173298601, 0.13888656709171524, 0.046189564564029936, 0.12164591273833666], [NaN, NaN, NaN, NaN, NaN, -0.011132994707566499, -0.01941088188988003, -0.01725897511157104], [NaN, NaN, NaN, NaN, NaN, NaN, 0.027098790873077976, 0.030729557487542122], [NaN, NaN, NaN, NaN, NaN, NaN, NaN, 0.0010564745715757745], [NaN, NaN, NaN, NaN, NaN, NaN, NaN, NaN]], "S1_conf": [0.11314302334744054, 0.12604335055431895, 0.11814131415692627, 0.07035598041787011, 0.06876267548495717, 0.0861467477291389, 0.09673980482132052, 0.07360004155666072], "ST_conf": [0.11036386126469469, 0.1292361809798688, 0.11623677681404657, 0.1534462895129151, 0.13496413638431004, 0.13681912482212, 0.12794273033515777, 0.12909053651401983]}, "Avg_S_Uncertainty": {"S1": [0.5637161119659898, 0.039901911451761106, 0.028215355583044388, 0.0036033279527248217, -0.004973988040858315, 0.005113885601986287, 0.04234858026580311, 0.04693846337030939],