{"Adoption Rate": {"S1": [0.8697330810299807, 0.08087930502039764, 0.04866513666282965, 0.03783272633968257, 0.00937964175983913, 0.037063179298627645, 0.0250328128661616], "ST": [0.9902410276476592, 0.11400567910035415, 0.10735333733953145, 0.11409938404944531, 0.05328040243961501, 0.09242049398380421, 0.07042631867294089], "S2": [[NaN, -0.07925716659851956, -0.057895907481796155, -0.07434939268163573, -0.044229965879268696, -0.07954898987883927, -0.043863848840731856], [NaN, NaN, -0.09729395659660553, -0.0904147468504392, -0.09113269973148502, -0.10150958037309268, -0.09147719293007374], [NaN, NaN, NaN, -0.0314221819395151, -0.04793773958420087, -0.06122637770409818, -0.04948367659022135], [NaN, NaN, NaN, NaN, -0.06276335999646399, -0.0628573951181341, -0.0539240388476791], [NaN, NaN, NaN, NaN, NaN, -0.014933533083299463, -0.00633511964638778], [NaN, NaN, NaN, NaN, NaN, NaN, -0.04619230524417764], [NaN, NaN, NaN, NaN, NaN, NaN, NaN]], "S1_conf": [0.13211576389895124, 0.057138736317327354, 0.05242303747393944, 0.048541278010667946, 0.0358661184156127, 0.05004180776440567, 0.04285134913343927], "ST_conf": [0.13101753036612937, 0.0358917938521625, 0.043392269142299815, 0.07138803550471459, 0.03571370546823649, 0.06531768414292556, 0.03275079253271717]}, "Avg_F_Satisfaction": {"S1": [0.004041396385184672, 0.3202594324157389, 0.28232925822201416, 0.05999065321365641, -0.020066131012789565, -0.008948280673103446, 0.00035380745618577046], "ST": [0.318163565759701, 0.6942845680269671, 0.7087890617471281, 0.08294419726535704, 0.13556718439989704, 0.10859232955806504, 0.08918133993917915], "S2": [[NaN, 0.05831861396199112, 0.08614753231180222, 0.060744196945116506, 0.05835497887643931, 0.04954250864341402, 0.04428186978335356], [NaN, NaN, 0.23203089003205923, -0.031539789958799115, -0.011294842942589391, 0.006047481549503195, 0.0038860926110901553], [NaN, NaN, NaN, 0.058136852641293445, 0.12727696628711668, 0.14138712958138733, 0.1421923399711886], [NaN, NaN, NaN, NaN, -0.06446138291104081, -0.051790470387804134, -0.08258533232898767], [NaN, NaN, NaN, NaN, NaN, 0.0033834889632261816, -0.007208072258621103], [NaN, NaN, NaN, NaN, NaN, NaN, 0.004730709934366827], [NaN, NaN, NaN, NaN, NaN, NaN, NaN]], "S1_conf": [0.107505471767222, 0.13781077075928416, 0.12064804454894112, 0.05244659014200383, 0.036241921679692285, 0.05587537592449247, 0.04158558644984553], "ST_conf": [0.17694912297955281, 0.23460687260088242, 0.1569597571729205, 0.028616271296992332, 0.13177998511834016, 0.05163361766239763, 0.029842252743317844]}, "Avg_S_Satisfaction": {"S1": [0.2999995079091651, 0.1326338021389969, -0.02173686143936163, -0.019830637679739138, -0.02791096401716835, -0.03417795569185984, -0.0518746249571137], "ST": [0.5496225777296881, 0.5805593067037591, 0.5602007193290194, 0.04271153905810726, 0.05745762468233639, 0.0431688195333375, 0.1478298577124161], "S2": [[NaN, 0.018236557612030913, 0.08012022477579403, 0.02897783996328057, 0.004812148543998574, 0.017618169256900754, 0.03442634623559143], [NaN, NaN, 0.1776850156505013, -0.12777965795987498, -0.10269455729252193, -0.11074249124293063, -0.06585190023439634], [NaN, NaN, NaN, -0.028152375123069326, -0.012306186293187981, 0.010195883266580791, 0.008938960221185996], [NaN, NaN, NaN, NaN, 0.012843178714938248, 0.011845444144729225, 0.018255636470967097], [NaN, NaN, NaN, NaN, NaN, 0.02789241980958698, 0.0325184884781666], [NaN, NaN, NaN, NaN, NaN, NaN, 0.02884456401846825], [NaN, NaN, NaN, NaN, NaN, NaN, NaN]], "S1_conf": [0.11886228211602748, 0.15105483833736238, 0.12412295304035692, 0.036296847486533015, 0.047194894523983955, 0.04851415186176605, 0.05888427483898605], "ST_conf": [0.11481594834393956, 0.1209496356240238, 0.11464944346468331, 0.01641872818930016, 0.03524728426834461, 0.02478236943789114, 0.04836230651125754]}, "Avg_P_Satisfaction": {"S1": [-0.015619327560421281, 0.32685888154097104, 0.19046426918182452, 0.0065303069160664775, -0.030120002579499237, -0.041429368589424774, -0.013303567667090632], "ST": [0.14995648586361332, 0.7864140278925377, 0.654443202497781, 0.16865567926981542, 0.11887311102757708, 0.08433646282704672, 0.14174708309395678], "S2": [[NaN, -0.03230404505522233, -0.01270641342525014, 0.03699007073978484, 0.05547056117929939, 0.039861739167917416, 0.05375573302113626], [NaN, NaN, 0.20598584934080966, 0.0038565959608736298, 0.010044761251923304, 0.028197753644626032, 0.036700406782425546], [NaN, NaN, NaN, -0.08389361103691985, -0.061207485639807574, -0.014197907579256937, -0.09596394510407609], [NaN, NaN, NaN, NaN, 0.03982829951345684, 0.045979829730858596, 0.03219098289840558], [NaN, NaN, NaN, NaN, NaN, 0.10458065944034517, 0.10742929387923449], [NaN, NaN, NaN, NaN, NaN, NaN, 0.11944580915603344], [NaN, NaN, NaN, NaN, NaN, NaN, NaN]], "S1_conf": [0.059730586541560236, 0.14698496399594052, 0.13338289649173254, 0.07569383509120707, 0.04084218869420706, 0.0449436504877799, 0.06966402475249137], "ST_conf": [0.05484838400427992, 0.1287806653726383, 0.15478634242984235, 0.07581733413336002, 0.07122031896710539, 0.05195597929195435, 0.04271307952840175]}, "Avg_F_Uncertainty": {"S1": [0.37157177955810833, 0.16299448107408915, 0.013202142785797304, 0.013882574239775528, -0.03125015631603483, -0.03176234828434832, 0.046209145973892175], "ST": [0.8231197787179283, 0.7719489937743083, 0.5187105603822111, 0.33060203135869065, 0.3518295982359511, 0.3446684362600354, 0.3816852149599445], "S2": [[NaN, -0.035705052547937044, -0.0438814054687648, -0.03542957202858511, -0.03571090646956016, 0.005650976321363632, -0.005039019271512214], [NaN, NaN, 0.04006756128105164, -0.014958132032660346, -0.023959666800471242, 0.008037293420007141, -0.001734590697159484], [NaN, NaN, NaN, 0.06475058757813103, 0.015020123257951275, 0.13674451316856012, 0.09662667277843667], [NaN, NaN, NaN, NaN, 0.04311230515484682, 0.13865420423327993, 0.03162675493016542], [NaN, NaN, NaN, NaN, NaN, 0.012712319343947905, 0.05002173477203741], [NaN, NaN, NaN, NaN, NaN, NaN, 0.06020655148933259], [NaN, NaN, NaN, NaN, NaN, NaN, NaN]], "S1_conf": [0.14751478000116924, 0.12550955096891128, 0.12089382148762372, 0.07230901743025721, 0.08769560132812888, 0.07130145121772294, 0.08852966971816345], "ST_conf": [0.346127293350547, 0.4740687309188577, 0.19449747984320023, 0.18428943759204894, 0.39925951828572787, 0.18354705377830954, 0.18412185495712355]}, "Avg_S_Uncertainty": {"S1": [0.6798333360626322, 0.1681415956270428, 0.06878733163962486, 0.050407861083095154, 0.02170758674126654, 0.05470549471222255, 0.01748942730711226], "ST": [0.8872542795297759, 0.24690649463603456, 0.2687983991020588, 0.18547469269352634, 0.08438495696891132, 0.15761554661437335, 0.14027483774282382], "S2": [[NaN, -0.18319785514534073, -0.0847354880779953, -0.09074330457806302, -0.08471159127313181, -0.11366131977377639, -0.03664395514353939], [NaN, NaN, -0.13151119328887823, -0.17718119932841248, -0.17308988904362246, -0.1796830201850087, -0.2017024674480914], [NaN, NaN, NaN, -0.022714653997332898, -0.04894526992380305, -0.06302530733048746, -0.03418477097826971], [NaN, NaN, NaN, NaN, -0.08667787790827428, -0.08702414092241166, -0.0665070536083627], [NaN, NaN, NaN, NaN, NaN, -0.03368559154109395, -0.029380457312403952], [NaN, NaN, NaN, NaN, NaN, NaN, -0.06341094877322356], [NaN, NaN, NaN, NaN, NaN, NaN, NaN]], "S1_conf": [0.13920475211789202, 0.09258660636334715, 0.0638044927510371, 0.06759759107623219, 0.04666137910975795, 0.06004996061237282, 0.04821858281659466], "ST_conf": [0.14331304783032453, 0.07853827533192337, 0.09085328816686225, 0.0911897155642376, 0.04915776234496625, 0.0894226096967531, 0.06167720173266629]}, "Avg_P_Uncertainty": {"S1": [0.08071504592417493, 0.07714079954719082, 0.2801922338935763, 0.02429853862683614, 0.0367809018791373, -0.0023992410923241517, -0.014679503984319442], "ST": [0.33905356145938, 0.7532728320357857, 0.8252574618271747, 0.3408247467454036, 0.21071937254605658, 0.2551361605224691, 0.36653700110044796],