{"Adoption Rate": {"S1": [0.48258022166103737, -0.016145013537414404, -0.03942161509476063, -0.04969622901565271, -0.027678952798700918, -0.019573184003296818, -0.010422778106593183], "ST": [0.8077856151361865, 0.2262225728412158, 0.32554699752823163, 0.192630054401853, 0.13094217868303873, 0.18090321195555262, 0.17290097982712233], "S2": [[NaN, 0.0525306151563005, 0.2057727494703567, 0.12993412455814582, 0.062413415134924655, 0.044702676170893726, 0.005707904945796077], [NaN, NaN, 0.09812314975012024, 0.016820266603486157, 0.0130861023199999, 0.013703013107334395, -0.006516737041633806], [NaN, NaN, NaN, 0.17157656392537574, 0.17958908298441187, 0.17304789157743336, 0.21380502416017877], [NaN, NaN, NaN, NaN, 0.06537371263889252, 0.06202912983936995, 0.06989696245681305], [NaN, NaN, NaN, NaN, NaN, 0.03342584814547131, 0.022183766711989232], [NaN, NaN, NaN, NaN, NaN, NaN, 0.03911267280103027], [NaN, NaN, NaN, NaN, NaN, NaN, NaN]], "S1_conf": [0.11973994331518671, 0.06956199274308923, 0.08518816369041729, 0.0752871478750978, 0.05654967325516852, 0.06764252208279012, 0.0682077190571909], "ST_conf": [0.12967235843679698, 0.07405357326711481, 0.07988005186164415, 0.0775461180365396, 0.07093559245868361, 0.08519704351995562, 0.07046666194567627]}, "Avg_F_Satisfaction": {"S1": [-0.0517416950883351, 0.19830521993309805, 0.3802949867797337, -0.035437841880257684, -0.04572791666478522, -0.11835632488397642, -0.04896708700496874], "ST": [0.21892584727959347, 0.48486031835307164, 0.6433870901029664, 0.14533931305919356, 0.1506857367401945, 0.19628296606891013, 0.1463853726324656], "S2": [[NaN, 0.03812500705087468, 0.13578064719929617, 0.07611962412433365, 0.059216475240965766, 0.05490392630083947, 0.07761879687137226], [NaN, NaN, 0.18105549925943687, -0.003659889664184693, 0.00819843908246494, 0.013950266935675137, 0.004676173106973686], [NaN, NaN, NaN, 0.029192527911993907, 0.08691672104510835, 0.1813324808234104, 0.12489217960139529], [NaN, NaN, NaN, NaN, -0.006523891968550494, 0.00728838548034505, 0.001814728423780429], [NaN, NaN, NaN, NaN, NaN, 0.036435364326045244, 0.02670731065233868], [NaN, NaN, NaN, NaN, NaN, NaN, 0.1538916615488357], [NaN, NaN, NaN, NaN, NaN, NaN, NaN]], "S1_conf": [0.08891039472689805, 0.12472899781641328, 0.17532322185274857, 0.05512480197607176, 0.05561648032571289, 0.06942003667064003, 0.06709510455026613], "ST_conf": [0.09321944633872926, 0.10595458629687926, 0.15948851487017288, 0.06274252722744832, 0.07724302617703505, 0.07539062954756655, 0.05457073095588939]}, "Avg_S_Satisfaction": {"S1": [0.18707281795390207, 0.14187367247716762, 0.16836086891895036, -0.01558967319690179, -0.014013105868328952, -0.005813041862437874, 0.046996939363012094], "ST": [0.44256705948232605, 0.5431817138835277, 0.6674173032059343, 0.1008880913396601, 0.039511564737549, 0.041645693976704444, 0.09971147931525857], "S2": [[NaN, -0.0038068181213438967, 0.12075149292622434, -0.01846323788229943, -0.003717487126305718, -0.005813110985497959, -0.01180016896157711], [NaN, NaN, 0.15042176812145708, -0.11383665701675459, -0.10690777300107572, -0.10048665175403611, -0.10054674193836406], [NaN, NaN, NaN, -0.06677765136900705, -0.05245940011976201, -0.06506228390579157, -0.06198355832186071], [NaN, NaN, NaN, NaN, -0.03433715412060344, -0.0378845009041965, -0.02909947929649012], [NaN, NaN, NaN, NaN, NaN, 0.007912417022590379, 0.012044113212629104], [NaN, NaN, NaN, NaN, NaN, NaN, -0.030970443256212087], [NaN, NaN, NaN, NaN, NaN, NaN, NaN]], "S1_conf": [0.11196013367059945, 0.1426479419592358, 0.17127655384504203, 0.04384824724181903, 0.0323830376194304, 0.034578019373668265, 0.04735416245573444], "ST_conf": [0.11020554264895287, 0.12136605141463533, 0.1705959016071432, 0.06721399138851347, 0.034362343178532206, 0.03587824092413251, 0.04291113018794714]}, "Avg_P_Satisfaction": {"S1": [-0.037199919771684256, 0.1944458646878689, 0.3657270116822823, 0.04559360223633385, 0.015957120653613748, 0.004487077591184635, 0.03836835135064314], "ST": [0.19952077464436857, 0.6744657728161211, 0.7967014405465975, 0.18238042147156275, 0.13961470858817868, 0.19135142494011528, 0.2031333667499484], "S2": [[NaN, 0.0629539237872499, 0.023444757392435622, -0.005626470396271982, -0.001142216169847391, -0.0017696327041690774, -0.008568435159318002], [NaN, NaN, 0.2512207840499415, -0.02125048425836462, 0.011775141886910218, 0.005811445653004954, -0.010709292517889123], [NaN, NaN, NaN, -0.1356671457066706, -0.1052712043667756, -0.09374854424705134, -0.10514882688677296], [NaN, NaN, NaN, NaN, -0.0789510942849445, -0.049060450833387996, -0.11463943070554233], [NaN, NaN, NaN, NaN, NaN, -0.016401934554293597, -0.09498339355683227], [NaN, NaN, NaN, NaN, NaN, NaN, -0.06784905941745767], [NaN, NaN, NaN, NaN, NaN, NaN, NaN]], "S1_conf": [0.07830848442982732, 0.119121980950135, 0.1533686850353269, 0.08774754261650584, 0.0713060128329221, 0.0806874577231865, 0.09726391694100334], "ST_conf": [0.09139034530118155, 0.12039356748566223, 0.13664843367935173, 0.0934789248618152, 0.08004901353677155, 0.11263906511448672, 0.09769302440619221]}, "Avg_F_Uncertainty": {"S1": [-0.06646306050927853, 0.004818214677321585, 0.2607681912514184, -0.10211826856890636, -0.07471611873209884, -0.15570405921990774, -0.05587918208134319], "ST": [0.4301619518112551, 0.5794045343937478, 0.7626581307410936, 0.3776069755254863, 0.3711741671549404, 0.3706041856780207, 0.3820363253244022], "S2": [[NaN, 0.08224290878756492, 0.13273549622886105, 0.14047715588065188, 0.054992187747960816, 0.04390912192694563, 0.11456074857936517], [NaN, NaN, 0.1837136379758515, 0.030049188458181025, 0.03579143538183557, 0.026055829225439614, 0.0488759665629063], [NaN, NaN, NaN, -0.03045495520972473, 0.048611264450388506, 0.17494735598040032, 0.1625564542411883], [NaN, NaN, NaN, NaN, 0.0714637453668671, 0.11374076891656228, 0.056226645046267835], [NaN, NaN, NaN, NaN, NaN, 0.061788512008306526, -0.021557101953575637], [NaN, NaN, NaN, NaN, NaN, NaN, 0.20666812642828222], [NaN, NaN, NaN, NaN, NaN, NaN, NaN]], "S1_conf": [0.11688227285464214, 0.13158605982221522, 0.1511912080625715, 0.11604699464481717, 0.11851078531012207, 0.10207516782050319, 0.12249602796538885], "ST_conf": [0.13360219345199367, 0.1358632351005361, 0.14887564725103605, 0.13310954833033595, 0.14007630758311684, 0.12973322648927327, 0.1253546467888364]}, "Avg_S_Uncertainty": {"S1": [0.35615389139404974, 0.01990682406266759, -0.0060237068299502155, -0.05369241827351737, -0.03392401605085499, -0.027675366543549667, -0.046002972211555956], "ST": [0.7405464189046085, 0.23925517089457674, 0.47226271004996245, 0.23322601100489312, 0.14991281537436676, 0.18763569739994343, 0.20830406072402316], "S2": [[NaN, 0.017121981305852567, 0.22901428929703646, 0.12206447236215531, 0.07386157360214701, 0.08238055787352809, 0.05220291168529366], [NaN, NaN, 0.1306924615727542, -0.07545331574698683, -0.061653338612835645, -0.043934829100505904, -0.05240629183926361], [NaN, NaN, NaN, 0.22915399543906173, 0.22948724682174645, 0.23652659962136036, 0.3039413798862281], [NaN, NaN, NaN, NaN, 0.057137969118396234, 0.04433097710226912, 0.07148714912265963], [NaN, NaN, NaN, NaN, NaN, 0.04126342673045516, 0.032179231217311935], [NaN, NaN, NaN, NaN, NaN, NaN, 0.025394414227599204], [NaN, NaN, NaN, NaN, NaN, NaN, NaN]], "S1_conf": [0.14150016296848933, 0.08383384854860705, 0.11669207034660656, 0.09367265483996694, 0.07476454434823983, 0.0858789414482786, 0.07946573807442388], "ST_conf": [0.12972842794252784, 0.0698806546351175, 0.1384832618840848, 0.0927992417400735, 0.07718870795020846, 0.08576633337997888, 0.07466776051265829]}, "Avg_P_Uncertainty": {"S1": [-0.08432256198864595, -0.1867172924964585, -0.021101462624141677, -0.12550296878865852, -0.08612370334373813, -0.11846239100308686, -0.1249550997670041], "ST": [0.5882073448485013, 0.8240782003099828, 0.8113380318358026, 0.6274812916709865, 0.6804485595985291, 0.5474867722337907, 0.60458964980507],