{"Adoption Rate": {"S1": [0.5901261272653823, -0.00856628548677092, 0.08638002562894928, -0.035098747195310365, -0.03874343164007167, -0.050760658055218, -9.664031289751944e-05, -0.052734405996202965], "ST": [0.9615239693941638, 0.20368375610617567, 0.30633759310321734, 0.1038670835035228, 0.06757377089879478, 0.10630703723308096, 0.14614629897836248, 0.1336372163630992], "S2": [[NaN, 0.01745065727770219, 0.005168555289751159, -0.02617187860273562, -0.05049151218055868, -0.010628345384816398, -0.08245796284176893, -0.01006592474306442], [NaN, NaN, 0.022389413660706015, 0.02835401930404345, 0.00313730307076171, -0.014770187548114128, 0.013787481152087083, 0.024805249367535614], [NaN, NaN, NaN, -0.05220132059407634, -0.04058449181407851, -0.04371134195632487, -0.04775896248585007, -0.02390260878595847], [NaN, NaN, NaN, NaN, 0.11656777914282436, 0.11070698226770645, 0.11339640475750146, 0.10629130219579451], [NaN, NaN, NaN, NaN, NaN, 0.08329782186021445, 0.06089606874900258, 0.08985038743194172], [NaN, NaN, NaN, NaN, NaN, NaN, 0.07855997046529324, 0.07349185637071207], [NaN, NaN, NaN, NaN, NaN, NaN, NaN, 0.02342552726904072], [NaN, NaN, NaN, NaN, NaN, NaN, NaN, NaN]], "S1_conf": [0.15034408082054143, 0.07238075370628484, 0.09166828940231818, 0.05660790951162383, 0.0429540748570108, 0.0444260699996159, 0.05546599776902673, 0.05220862230556739], "ST_conf": [0.1350276984166021, 0.07196420674124325, 0.09588941067597563, 0.07137512079027729, 0.05170419998320551, 0.059029993590781545, 0.060894596488427, 0.06563285488368954]}, "Avg_F_Satisfaction": {"S1": [0.07732614348950273, 0.16302219187165556, 0.4381895277535363, 0.04589248533912403, -0.013535276627478224, -0.021537077921171464, -0.04387339974559762, -0.013095649987058856], "ST": [0.22614346743458869, 0.5633608833870004, 0.6968703903874028, 0.205633251746779, 0.1519405763929878, 0.09470387920986992, 0.18776722575269444, 0.1966170754277413], "S2": [[NaN, -0.008997585198006725, -0.11231265085873265, -0.1937017398418011, -0.148178350494021, -0.16096520144051416, -0.16411197573289288, -0.19613585957258195], [NaN, NaN, 0.1559227807287546, 0.021703110869736045, 0.03316783061024858, 0.06750165807258787, 0.100604780008019, 0.05664652329730992], [NaN, NaN, NaN, -0.017807365095056524, -0.014100824675266351, -0.061763197977306256, 0.020387140647332602, -0.022094482224464206], [NaN, NaN, NaN, NaN, -0.0602908869140312, -0.07518930996034129, -0.07409281653473139, -0.11244238806922709], [NaN, NaN, NaN, NaN, NaN, 0.05595612053559895, 0.06999940481463307, 0.010122856532283005], [NaN, NaN, NaN, NaN, NaN, NaN, 0.07278715507690287, 0.015274917827176163], [NaN, NaN, NaN, NaN, NaN, NaN, NaN, 0.025374885150868585], [NaN, NaN, NaN, NaN, NaN, NaN, NaN, NaN]], "S1_conf": [0.12713346734077224, 0.13000024499147136, 0.1296842744889992, 0.09036202863042866, 0.07686530542624696, 0.05653948420984362, 0.09730471675845456, 0.08491916473593182], "ST_conf": [0.08372822791605027, 0.12524745826970385, 0.1373062994631916, 0.11237377433163875, 0.0859636465410457, 0.039179407787414106, 0.08442660904785226, 0.09439210787309714]}, "Avg_S_Satisfaction": {"S1": [0.1628470507795022, 0.11565225794845296, 0.11790229257585452, 0.06663311060005668, -0.003812173505237387, -0.005176075236015103, 0.0824540789378213, 0.006908989796106546], "ST": [0.2818028092644265, 0.39652556306565756, 0.5240563915210809, 0.07747994183452002, 0.043396614697409255, 0.04181624130079525, 0.22398213499171138, 0.10823212691175299], "S2": [[NaN, 0.05622169758568932, 0.06366080952366204, -0.0061933482600056294, 0.022832596556054748, 0.022171954883185577, 0.04561176652358914, 0.03588674410378068], [NaN, NaN, 0.25323265984269183, 0.07400752647511581, 0.10327616322378538, 0.09745947852173012, 0.028334732354560938, 0.03758437613443652], [NaN, NaN, NaN, -0.02071210837632524, 0.0390238926798254, 0.04252592246175461, 0.08150653682097306, 0.03964706886558375], [NaN, NaN, NaN, NaN, -0.03417296474572587, -0.03473889709853933, -0.03408645268272624, -0.024737583210647666], [NaN, NaN, NaN, NaN, NaN, 0.017173365887780713, 0.010789955140214691, 0.022180668729592908], [NaN, NaN, NaN, NaN, NaN, NaN, 0.023588154861989327, 0.016710271767784064], [NaN, NaN, NaN, NaN, NaN, NaN, NaN, -0.0016255527392157743], [NaN, NaN, NaN, NaN, NaN, NaN, NaN, NaN]], "S1_conf": [0.07712483942677673, 0.12165108633389823, 0.11167257866942615, 0.06464544211495965, 0.02798483351754692, 0.027269309081629462, 0.07740558816508257, 0.04840593641690256], "ST_conf": [0.0780973318812719, 0.11198163036228, 0.14505131854334835, 0.052830556649937244, 0.04622785443874809, 0.032775250143129986, 0.09190865568014867, 0.047390322800381364]}, "Avg_P_Satisfaction": {"S1": [0.018129396795250847, 0.27562456571346766, 0.3135250618778126, -0.003614376189323633, -0.007191469797127744, -0.030061979241300968, -0.03281963054286611, -0.0232214917333803], "ST": [0.16766696560767896, 0.8297172556136683, 0.7139303573594209, 0.14010056144806515, 0.12574700494825125, 0.09329533229379867, 0.15031261100689147, 0.14511414293666464], "S2": [[NaN, -0.04669628198919232, -0.05375177236862266, -0.06403702165294113, -0.08269717837490927, -0.05334543617924174, -0.0688893968798101, -0.058037146114620144], [NaN, NaN, 0.22127751472712165, -0.03450456366001776, -0.041504845447063524, -0.014624929834451156, 0.00030081125996562347, 0.005965558924844534], [NaN, NaN, NaN, -0.09781188799514383, -0.08943118370907012, -0.0819716101701907, -0.05270717585949641, -0.05187749879854804], [NaN, NaN, NaN, NaN, -0.0163681270776266, -0.009207161404865716, -0.0058328553965045216, -0.015530080882631189], [NaN, NaN, NaN, NaN, NaN, -0.01765013289919832, -0.005429184655409085, -0.011895548414230326], [NaN, NaN, NaN, NaN, NaN, NaN, 0.03563460524975451, 0.037001625887094075], [NaN, NaN, NaN, NaN, NaN, NaN, NaN, 0.04320153860950969], [NaN, NaN, NaN, NaN, NaN, NaN, NaN, NaN]], "S1_conf": [0.06722765574475893, 0.16263843187607113, 0.12674630454270494, 0.054403349476885896, 0.050881136577687336, 0.054810216256671845, 0.060477691685484065, 0.05987201909178966], "ST_conf": [0.082454512223036, 0.1506434420419892, 0.14435550095771632, 0.06859281330476023, 0.06774691454667178, 0.06155656929760012, 0.06976403087025929, 0.07010125430441248]}, "Avg_F_Uncertainty": {"S1": [0.11670783060199783, 0.008968220458229747, 0.3837619812925471, -0.003252809662615706, -0.02193037464834896, -0.033860986955154875, -0.05341851147589612, 0.003267934858002274], "ST": [0.44773677947841145, 0.5145540912944585, 0.7479518098177487, 0.2548560514441705, 0.3237712062483288, 0.22998012269793242, 0.3307623991325503, 0.3595066003889899], "S2": [[NaN, 0.0329570262712227, -0.1848001734756777, -0.08637157108778531, -0.054321208827801115, -0.06690622612683211, -0.039672702813041576, -0.07595585208725301], [NaN, NaN, -0.013400657432622698, 0.06216047737957427, 0.032186005160698306, 0.06027812198771268, 0.12167331878226723, -0.0017892968725537928], [NaN, NaN, NaN, -0.0976078163168711, -0.1487106037153203, -0.19291401875318107, -0.09948139286103233, -0.13086547060007894], [NaN, NaN, NaN, NaN, 0.02354508369953219, 0.005994112214916428, 0.031966337328449126, -0.0399829502049736], [NaN, NaN, NaN, NaN, NaN, 0.03182782407017299, 0.09971409432719616, 0.014535270694630044], [NaN, NaN, NaN, NaN, NaN, NaN, 0.07564290489167394, -0.015118350492964353], [NaN, NaN, NaN, NaN, NaN, NaN, NaN, 0.08894967674476428], [NaN, NaN, NaN, NaN, NaN, NaN, NaN, NaN]], "S1_conf": [0.13729461938683968, 0.13467607166317483, 0.15708891759015817, 0.11866293603614328, 0.11322972866054669, 0.06446866615090786, 0.1351999350437398, 0.10435935175932745], "ST_conf": [0.1264115641240726, 0.11661228601387709, 0.11906578564325813, 0.09272619969042428, 0.11870764655059865, 0.08077294903608455, 0.11498114209430255, 0.12202798582290462]}, "Avg_S_Uncertainty": {"S1": [0.4235665617637419, -0.018037879832822935, 0.13179195596113896, -0.03339515234117799, -0.022751675588687667, -0.060925879598806944, -0.004618431275272705, -0.048827275729360305],