{"Adoption Rate": {"S1": [0.6172387886284753, 0.016427771650818643, 0.06461997187832608, 0.00909636834503917, 0.012697617349972814, 0.01963740529245788, 0.03415445015656155, 0.032202160606112994], "ST": [0.8249106801097575, 0.25308972987592787, 0.2161718800744762, 0.06646573018768986, 0.029770913883147867, 0.03423606470514192, 0.14242775880532924, 0.0942397228067156], "S2": [[NaN, 0.0750006158865615, 0.06468153523100889, -0.02540542332456379, -0.010386099437268917, -0.025313263733857498, -0.023161988385404682, -0.05233111046505797], [NaN, NaN, 0.006080648962221949, -0.01902213830452734, -0.03518579229184286, -0.030172008650826924, -0.037329172956351235, -0.0603756813462878], [NaN, NaN, NaN, -0.04434943173038369, -0.05125591813197713, -0.04623032716695184, -0.05295131452227951, -0.06583710441130444], [NaN, NaN, NaN, NaN, 0.04111335595822511, 0.04085579840114257, 0.02695732877347958, 0.043836258477122934], [NaN, NaN, NaN, NaN, NaN, -0.02520594880802952, -0.02527423348641125, -0.024712522386019745], [NaN, NaN, NaN, NaN, NaN, NaN, -0.005318179374720601, -0.003198543490383829], [NaN, NaN, NaN, NaN, NaN, NaN, NaN, -0.022343024815533526], [NaN, NaN, NaN, NaN, NaN, NaN, NaN, NaN]], "S1_conf": [0.1352421757904927, 0.08430109372910675, 0.06349963965241077, 0.04464628764437726, 0.022189564288703455, 0.024034763559990686, 0.054459255713175066, 0.05143866113054727], "ST_conf": [0.13881270114085104, 0.07944120212256424, 0.07110348666639354, 0.04032477954520195, 0.03184218258228669, 0.030161211246222362, 0.05896896053451808, 0.04783723142917831]}, "Avg_F_Satisfaction": {"S1": [0.023789904701166383, 0.2721622452082369, 0.27108272107787623, 0.0009858526625485366, 0.0031808893313621236, 0.022954484966767913, -0.037426623361925516, 0.002845842384983303], "ST": [0.10639203316515206, 0.580854549876515, 0.4840237222153597, 0.09616685929940118, 0.051639260903590424, 0.08416649325162764, 0.17329678179444374, 0.12772425726635994], "S2": [[NaN, -0.0315978652736667, -0.048385012836863944, -0.12284777488731623, -0.118269482820721, -0.1252676421918067, -0.11911537750627804, -0.1252539155877771], [NaN, NaN, 0.12114538497972088, 0.059699997526977175, 0.05404843983840529, -0.022674525261435458, 0.06003102466167685, -0.011117702315560356], [NaN, NaN, NaN, 0.08969938714135432, 0.08928373250267124, 0.08822996772372091, 0.11885351432514937, 0.09732188851722474], [NaN, NaN, NaN, NaN, 0.016458927206135204, 0.01567653877203254, 0.011183494712909175, 0.02820068332040596], [NaN, NaN, NaN, NaN, NaN, -0.0033806743506951745, -0.006263912833469408, -0.001982446952278763], [NaN, NaN, NaN, NaN, NaN, NaN, 0.026836882237690048, 0.02105353716478646], [NaN, NaN, NaN, NaN, NaN, NaN, NaN, 0.036672086043147], [NaN, NaN, NaN, NaN, NaN, NaN, NaN, NaN]], "S1_conf": [0.08288756375311548, 0.13513088421886335, 0.10532179411531814, 0.05982498951703226, 0.05111937709172243, 0.0596958098839318, 0.0763590706073194, 0.06345728878220432], "ST_conf": [0.046016511812447675, 0.12219214118934163, 0.12847010037637474, 0.06043558216721734, 0.0582597665981799, 0.0697768872257793, 0.07975423029723197, 0.0754462229300684]}, "Avg_S_Satisfaction": {"S1": [0.18328886818576626, 0.09747934149223415, 0.08361654912482631, 0.06713445859708697, -0.0007982070163260766, 0.004913713583661834, 0.08974413113912744, 0.007661790783578213], "ST": [0.32652746465995725, 0.421723680763674, 0.5159045135031868, 0.10673321035416773, 0.030966442180055537, 0.02086156704583526, 0.149972672209681, 0.11710488551370152], "S2": [[NaN, 0.026213336287512226, 0.04779850896621031, -0.009751256305103068, -0.00027981901132986624, 0.026496673142335274, 0.023179039623075298, 0.03419661211340088], [NaN, NaN, 0.2871398283966054, 0.06661888819938297, 0.10202198109795406, 0.09061164372493247, 0.03721517021955578, 0.04560591707183976], [NaN, NaN, NaN, -0.014033540625655191, 0.05608066534416721, 0.06312306205700147, 0.0868000309572105, 0.04774463180893574], [NaN, NaN, NaN, NaN, -0.06761621060663354, -0.069285530494619, -0.06830158127769673, -0.07125158087593914], [NaN, NaN, NaN, NaN, NaN, -5.610852923462143e-05, -0.00037972497290129914, -0.0001149812363807701], [NaN, NaN, NaN, NaN, NaN, NaN, -0.006665118264397224, -0.0056084683980496715], [NaN, NaN, NaN, NaN, NaN, NaN, NaN, -0.033933447193176834], [NaN, NaN, NaN, NaN, NaN, NaN, NaN, NaN]], "S1_conf": [0.09450397535209996, 0.12636927740872075, 0.12081653327738111, 0.07259293824173618, 0.0220708544036102, 0.018440964017913675, 0.07699858695650776, 0.055738437736333725], "ST_conf": [0.09955005210643902, 0.11159296267879235, 0.1513485317854211, 0.05407970799679446, 0.03259973136431406, 0.01883870403912913, 0.045990815275776815, 0.059027014388448935]}, "Avg_P_Satisfaction": {"S1": [0.003963065986836943, 0.39585092929673343, 0.27061236117831355, -0.06043069550809387, -0.008758955972622, 0.03800206599373199, -0.03644086663828432, 0.02267211793072489], "ST": [0.06373713316566529, 0.8671687003888443, 0.5396111400817668, 0.19510406486904586, 0.01776752590113294, 0.0796055604146614, 0.2557192663264627, 0.13064889791478265], "S2": [[NaN, 0.02945608060854532, 0.01945719780935179, 0.0357190312876928, 0.01778388729981508, 0.013867109185337352, -0.01402219798563379, 0.017950865351388894], [NaN, NaN, 0.09203535611688224, 0.11615623929732222, 0.11346904906262428, 0.0436492906983689, 0.09097098747477249, 0.012732460378249197], [NaN, NaN, NaN, -0.09124497799465825, -0.11365239488109288, -0.1475973334803654, -0.04564313757419612, -0.09441573638081861], [NaN, NaN, NaN, NaN, 0.07658029725058335, 0.07475882753028196, 0.0574149669022709, 0.06871950828591705], [NaN, NaN, NaN, NaN, NaN, 0.010501281990467314, -0.018543639607362515, 0.011155790715088251], [NaN, NaN, NaN, NaN, NaN, NaN, 0.004087653033386256, -0.0011731241247568275], [NaN, NaN, NaN, NaN, NaN, NaN, NaN, 0.06641226681572265], [NaN, NaN, NaN, NaN, NaN, NaN, NaN, NaN]], "S1_conf": [0.03886406551722332, 0.15537474737683446, 0.11455843761519172, 0.08714203119203415, 0.011124817681438644, 0.04884150623914322, 0.09024162317096893, 0.048840399580569946], "ST_conf": [0.03867839124137346, 0.1508509865412982, 0.11277443850923408, 0.0984526703159207, 0.031139308962426497, 0.07190366767953804, 0.10020851828399466, 0.0719075952159334]}, "Avg_F_Uncertainty": {"S1": [0.05707562937371455, 0.21842919225691895, 0.2525402401826255, 0.0013153786756697706, 0.009400933309977499, 0.021427971822810896, 0.010256945777316671, 0.08461238689443112], "ST": [0.17889533781576403, 0.5891947795904389, 0.5676753717467151, 0.21073576195171176, 0.05936802742876323, 0.17869001714283064, 0.36311779462869864, 0.3139918738961735], "S2": [[NaN, 7.357049802209081e-05, 0.03452886908617375, 0.03458376640638316, 0.0015134957542526813, 0.021773024322518913, 0.0005152131466254362, -0.017557514199201388], [NaN, NaN, -0.1014603760784388, 0.035552863184389195, 0.06558842340975425, -0.01058707863217848, 0.039014699814423376, -0.09366067889298407], [NaN, NaN, NaN, -0.08697983818352628, -0.04535267219072163, -0.05854633174282603, -0.06767614246256151, -0.08415801717602783], [NaN, NaN, NaN, NaN, 0.0605613138519437, 0.060352778718332015, 0.004223203745113795, 0.0463794897161878], [NaN, NaN, NaN, NaN, NaN, -0.0019386492371822432, -0.019004885309791796, 0.008737794128607312], [NaN, NaN, NaN, NaN, NaN, NaN, 0.02115067383496423, 0.0018775491091285595], [NaN, NaN, NaN, NaN, NaN, NaN, NaN, 0.02143871971080992], [NaN, NaN, NaN, NaN, NaN, NaN, NaN, NaN]], "S1_conf": [0.0803325188692326, 0.14493018416048592, 0.14255472588985382, 0.07554271261813345, 0.042831048668072295, 0.07061178947578584, 0.08544619783910837, 0.0897250168485184], "ST_conf": [0.05210674984944095, 0.14234482025919123, 0.12411869014876085, 0.10519788306290728, 0.04984922706811516, 0.11464070328913378, 0.12969979980214044, 0.13505753347060262]}, "Avg_S_Uncertainty": {"S1": [0.46931749390264726, -0.013905888610405296, 0.06746174594661716, 0.00617192278901219, 0.01799199377490438, -0.0012619592588120464, 0.058386527939404895, 0.05437697576973399],