{"Adoption Rate": {"S1": [0.5550342974908291, 0.026647967173378577, 0.10418186220112093, 0.003711489530691411, 0.002980542617482605, 0.015872744171050904, 0.011325347843649422, -0.03139095461595298], "ST": [0.8379556897762515, 0.20463895838676002, 0.3221246268908445, 0.0720400513611799, 0.043725383794887974, 0.05828762645672645, 0.12076466995803187, 0.10771549393127418], "S2": [[NaN, 0.08093565186318075, 0.12108189162505988, 0.02311035685949995, 0.007840189877939874, 0.026154533262743848, 0.031015138392108836, 0.011043859951330948], [NaN, NaN, -0.0022656816640312244, -0.03236877730179061, -0.037287056326766946, -0.038585745928679235, -0.002051226634610182, -0.03145937566244174], [NaN, NaN, NaN, -0.043080736007548574, -0.04262348731029191, -0.04176672447514179, -0.05836405835703328, -0.018585761583278626], [NaN, NaN, NaN, NaN, 0.048269180081429434, 0.04849011746605969, 0.04764535738754694, 0.04977997615893696], [NaN, NaN, NaN, NaN, NaN, 0.027064386675525257, 0.02675711610560879, 0.027014737727672936], [NaN, NaN, NaN, NaN, NaN, NaN, -0.0005008404514743655, 0.0003677691478080336], [NaN, NaN, NaN, NaN, NaN, NaN, NaN, 0.017458842858216847], [NaN, NaN, NaN, NaN, NaN, NaN, NaN, NaN]], "S1_conf": [0.15092970553131316, 0.07931755215028054, 0.09759653099298503, 0.05148942029263297, 0.03442070772687603, 0.04080661174112465, 0.06352138290148474, 0.050504345397050045], "ST_conf": [0.13273867077036763, 0.07483277737860884, 0.0875925183873575, 0.0503826074657047, 0.039575350778543225, 0.04973700309972369, 0.059295558480185875, 0.059967791909725475]}, "Avg_F_Satisfaction": {"S1": [0.01869059482830179, 0.21430602753038852, 0.3993326868786922, 0.03472540547720572, -0.0024850206254640244, 0.046369845162791246, 0.015491479509736056, 0.01942669032035508], "ST": [0.10005419393464741, 0.5003669272262145, 0.7151670707980662, 0.08732624429064055, 0.027668550610890817, 0.08854279856061888, 0.1478922713225812, 0.12207054376346689], "S2": [[NaN, -0.020007893196016313, -0.0018222576146615932, -0.06524745234911136, -0.06743802421692063, -0.0783311784933491, -0.07739351295945454, -0.07083713456660273], [NaN, NaN, 0.11421154620055457, 0.004710609214639602, 0.021500940968164912, -0.024900068676713155, 0.007643018409385116, -0.038051958340647625], [NaN, NaN, NaN, 0.1354506922742013, 0.08128409393811065, 0.04591402108769965, 0.07371836366240359, 0.05367323143831606], [NaN, NaN, NaN, NaN, -0.027192498905705572, -0.026985720878190435, -0.03468112318665121, -0.033205531625587426], [NaN, NaN, NaN, NaN, NaN, 0.005068667294622034, 0.006076175481254676, 0.009844107002849763], [NaN, NaN, NaN, NaN, NaN, NaN, -0.0284641878692107, -0.005876139447136261], [NaN, NaN, NaN, NaN, NaN, NaN, NaN, -0.015703329764710117], [NaN, NaN, NaN, NaN, NaN, NaN, NaN, NaN]], "S1_conf": [0.08292792287501423, 0.12133782076621752, 0.1377499893650413, 0.051258977110501244, 0.03289032237770397, 0.05606705442528489, 0.06361603286701435, 0.06138132479927631], "ST_conf": [0.051344703978093646, 0.11699796450922938, 0.17223328648840383, 0.045281083424618764, 0.02051669904697793, 0.057444662535974564, 0.06749409338537696, 0.07264476476416924]}, "Avg_S_Satisfaction": {"S1": [0.13731700060876453, 0.11818725811392516, 0.1358573743688716, 0.022529955533328313, -0.0178680039378516, -0.013594456146478513, 0.10764979197315959, -0.0004678205325369862], "ST": [0.25447512154395197, 0.384381836399712, 0.49401537505584653, 0.055747611713856296, 0.01889969618382219, 0.01738495514503285, 0.1783969288873074, 0.11140516257251472], "S2": [[NaN, 0.08340298275383942, 0.08135101324067684, 0.05123842433126491, 0.0532571620384783, 0.04084907074355611, 0.042497935405341844, 0.042750557458291975], [NaN, NaN, 0.2351616647119852, 0.05798946962933052, 0.08597498555375258, 0.09492261217332275, 0.010200338087684183, 0.025846367472574898], [NaN, NaN, NaN, 0.016296476459839285, 0.06263692555936592, 0.06535515443138064, 0.058814687511290306, 0.05972869126721674], [NaN, NaN, NaN, NaN, 0.007379788514990078, 0.005510861248826769, 0.011569206577922028, 0.02291111943465717], [NaN, NaN, NaN, NaN, NaN, 0.014791153473040391, 0.014096746441151595, 0.01464476736228878], [NaN, NaN, NaN, NaN, NaN, NaN, 0.009634515132274327, 0.013087052890454972], [NaN, NaN, NaN, NaN, NaN, NaN, NaN, -0.03777158514536138], [NaN, NaN, NaN, NaN, NaN, NaN, NaN, NaN]], "S1_conf": [0.0866360317449436, 0.11591600809242272, 0.11662752411992328, 0.0694317372050155, 0.01196962597983016, 0.010040169477664881, 0.08030416745985136, 0.04428728793454129], "ST_conf": [0.08496516876321204, 0.10951629218314218, 0.13571643878203984, 0.06029723273060521, 0.025345756572872063, 0.026210924940856174, 0.06782131078054288, 0.057728055346046664]}, "Avg_P_Satisfaction": {"S1": [-0.0020569333785689287, 0.341018702390189, 0.29976215778940163, 0.011706820021041238, 0.011153891577262072, 0.03464850577407787, -0.020342155751947845, -0.009836913077182556], "ST": [0.0524319769040414, 0.7496828651106558, 0.7077645099592634, 0.07532907488584038, 0.0153591052607001, 0.05564440721480588, 0.1334519596373483, 0.03743605873683446], "S2": [[NaN, 0.04111159645860263, 0.0540548449177779, 0.011916489652675052, 0.011514905925504105, 0.010482943983734033, 0.03557471362284856, 0.01924095424770761], [NaN, NaN, 0.1676647200888683, -0.0319539067873092, -0.05570435598061993, -0.03795691698359534, 0.02812428088577782, -0.04159752324615272], [NaN, NaN, NaN, -0.08228405106069969, -0.07528254329550546, -0.10244549435951948, -0.08125133135683665, -0.07089449689513787], [NaN, NaN, NaN, NaN, -0.0033542860568397132, 0.0015333967303784377, 0.009046102800415753, 0.00028198564122671604], [NaN, NaN, NaN, NaN, NaN, 0.0026309689987251555, -0.00019434134129555497, 0.0027230241887463025], [NaN, NaN, NaN, NaN, NaN, NaN, -0.030239495243972632, -0.027978473478016137], [NaN, NaN, NaN, NaN, NaN, NaN, NaN, 0.07025486717065045], [NaN, NaN, NaN, NaN, NaN, NaN, NaN, NaN]], "S1_conf": [0.03996913697668983, 0.14075276225901184, 0.12666068014524157, 0.03699234461977989, 0.024117202115608336, 0.044419375143574746, 0.046906795855993645, 0.028067350399006315], "ST_conf": [0.03557912773253709, 0.12995068113183197, 0.1353217871360254, 0.05785435320865837, 0.03094032650680032, 0.05882547243302112, 0.07122977123438011, 0.026575165331737354]}, "Avg_F_Uncertainty": {"S1": [0.041277599410240805, 0.13896003417210986, 0.41148494289171367, 0.017339543794856246, -0.010407600913636352, 0.020944999589409184, 0.07218894299290972, 0.08048472489672683], "ST": [0.1576881460040356, 0.41937986292220886, 0.7291624913325524, 0.13909024740240328, 0.068195866661845, 0.13279508654507316, 0.31925684137990007, 0.30498353248044024], "S2": [[NaN, 0.024100248926894607, -0.04268091125754536, 0.02978509713172243, 0.028644749910633996, 0.0478960808394267, 0.007321427973439779, -0.0060424844707596265], [NaN, NaN, -0.05774835055672922, -0.08018818771963729, -0.060539981945349874, -0.09033614739164537, -0.10581655558192073, -0.14389592406222995], [NaN, NaN, NaN, -0.029030807750549167, -0.10012669249236705, -0.11408192679573695, -0.19657442499440458, -0.14041031740572374], [NaN, NaN, NaN, NaN, 0.03340059639211411, 0.04981172698417362, -0.019626461843642612, -0.015574345036992662], [NaN, NaN, NaN, NaN, NaN, 0.0416847500108405, 0.02426386840610399, 0.0002848349633609998], [NaN, NaN, NaN, NaN, NaN, NaN, -0.023854392631695878, 0.009696055061914788], [NaN, NaN, NaN, NaN, NaN, NaN, NaN, -0.00799192452054534], [NaN, NaN, NaN, NaN, NaN, NaN, NaN, NaN]], "S1_conf": [0.07409780351488214, 0.10589933382186364, 0.16722940697896782, 0.05744848497507705, 0.04057289424664314, 0.04215052956579351, 0.08928149594200675, 0.12455663885377605], "ST_conf": [0.05325869387805608, 0.1243339471022308, 0.13151183965844523, 0.06245985632936323, 0.0518875757456122, 0.07235466685360982, 0.10373676471703137, 0.12561594598567583]}, "Avg_S_Uncertainty": {"S1": [0.37881205710579785, 0.03817148098557082, 0.15571444362856132, 0.0006653456591851367, -0.012711264721721557, 0.0059889081265324, 0.026757448416541405, -0.01809541539467489],