{"Adoption Rate": {"S1": [0.46492333494754634, 0.00601033828809791, 0.06538667713536851, -0.00819340546686457, -0.00028714318435002506, -0.0002407469386896386, -0.02320966579462418], "ST": [0.6701946629498331, 0.1583468872453517, 0.33009211900160246, 0.05616663629019683, 9.508410194250319e-05, 0.0012881533658342923, 0.18643951084901414], "S2": [[NaN, 0.024728119568102808, 0.09866627009650784, 0.03960577093256915, -0.014506733801687433, -0.008305079362078973, 0.03154023735320015], [NaN, NaN, 0.005056972024444398, -0.038333033862913715, -0.04601380988904112, -0.04714233885027705, -0.022280839939388956], [NaN, NaN, NaN, 0.06087598716211828, 0.05411128089893548, 0.05422580119849406, 0.1239462210531419], [NaN, NaN, NaN, NaN, -0.012112308510662402, -0.01296700435323174, -0.015614933641540204], [NaN, NaN, NaN, NaN, NaN, -0.0007464609340442725, -0.001326574168524216], [NaN, NaN, NaN, NaN, NaN, NaN, -0.03317267359421977], [NaN, NaN, NaN, NaN, NaN, NaN, NaN]], "S1_conf": [0.1362679184918659, 0.07105248976030988, 0.11038966711575424, 0.04217434849124552, 0.0016476002137643998, 0.006218050400097229, 0.08019643424527602], "ST_conf": [0.12802963698138622, 0.06581988610248204, 0.10307088774067541, 0.047935547330052314, 8.049252690766663e-05, 0.002180647575360654, 0.06982543937876233]}, "Avg_F_Satisfaction": {"S1": [0.013298156530514412, 0.24072486836428972, 0.541691411305284, -0.013824619164002794, -0.00012856629308929078, -0.03180225639646355, 0.03626984056883716], "ST": [0.09876930183351096, 0.44685752426777625, 0.7389841155557859, 0.07690490428850297, 0.0027973106848423255, 0.03599128944314679, 0.1899640743670618], "S2": [[NaN, 0.06069649598080404, 0.03706376627204444, 0.06137082906536445, 0.07431585395719902, 0.06426407606016471, 0.07677474969756914], [NaN, NaN, 0.12020169644816969, 0.06177174649932041, 0.04184144708473985, 0.05841331863401008, 0.06569049774911617], [NaN, NaN, NaN, 0.04444949328325931, 0.02357805232441631, 0.08172972199161005, 0.0580986499903721], [NaN, NaN, NaN, NaN, 0.07337401038009787, 0.0766239629401678, 0.08687495248243599], [NaN, NaN, NaN, NaN, NaN, 0.0061022212825136354, 0.004037268681996782], [NaN, NaN, NaN, NaN, NaN, NaN, 0.07130389443692695], [NaN, NaN, NaN, NaN, NaN, NaN, NaN]], "S1_conf": [0.044492016416414704, 0.10437419373375043, 0.13575595025161444, 0.04461273072841106, 0.01061237386363023, 0.02593738846331137, 0.05680835365657551], "ST_conf": [0.05247067890744347, 0.11293674396776401, 0.1526706905733987, 0.06052063203705252, 0.0022923810092954225, 0.03387312051874582, 0.09297683260358298]}, "Avg_S_Satisfaction": {"S1": [0.20451838440980386, 0.1674153406158678, 0.24315976333123965, 0.01655065849568202, 0.003811407785099736, 0.006663922590700442, 0.07522768870315526], "ST": [0.40542387925149787, 0.5167307462084495, 0.6665189601347653, 0.06453460847849107, 0.0021651344497513147, 0.006318831515557506, 0.10698330313305088], "S2": [[NaN, -0.0043321754731446005, 0.08749701594241036, -0.04113493936523385, -0.036065772513663316, -0.03954449959788122, -0.02226369101156249], [NaN, NaN, 0.12818996017995257, -0.14063373702909449, -0.1153910686931049, -0.11439341127422986, -0.1393765144867562], [NaN, NaN, NaN, -0.156845208380561, -0.09047452657021406, -0.08201423610270432, -0.06840153852077786], [NaN, NaN, NaN, NaN, -0.050891261927624706, -0.051980516878581066, -0.04716083792864366], [NaN, NaN, NaN, NaN, NaN, -0.006150524879164981, -0.0054197952491142065], [NaN, NaN, NaN, NaN, NaN, NaN, -0.03219683997845731], [NaN, NaN, NaN, NaN, NaN, NaN, NaN]], "S1_conf": [0.11397297667118726, 0.13967372184981244, 0.13566786412155704, 0.04625450847500516, 0.008160101112323898, 0.011366502798479868, 0.060982316570904235], "ST_conf": [0.10577149282962861, 0.12179067259392945, 0.17751571058502438, 0.047162875374944395, 0.001284617124321473, 0.004778676703127527, 0.0552524359701119]}, "Avg_P_Satisfaction": {"S1": [0.016128605053380585, 0.2413191267576778, 0.39604003601187227, 0.016107377243548045, -0.00225286072003602, -0.0111432948655043, -0.030425254685677788], "ST": [0.05265537474847056, 0.6382955062713117, 0.7217747031648637, 0.09210533286452234, 0.0008867065607698508, 0.010073536729940985, 0.14370923548905748], "S2": [[NaN, 0.023441219486640075, -0.040308974371717377, -0.004859369133942831, -0.005813067315565984, -0.011705777021486266, -0.03992307502508301], [NaN, NaN, 0.25026227062853984, 0.02899416797804977, 0.05260911957124028, 0.046352034574338556, 0.04565967797792107], [NaN, NaN, NaN, -0.07945441002811848, -0.12509004679788868, -0.10020255691125773, -0.09521033264751506], [NaN, NaN, NaN, NaN, -0.01566659198533901, -0.011200747721485433, -0.029800809248485164], [NaN, NaN, NaN, NaN, NaN, 0.0013207345913106312, 0.0014635841681070183], [NaN, NaN, NaN, NaN, NaN, NaN, -0.01765388207251922], [NaN, NaN, NaN, NaN, NaN, NaN, NaN]], "S1_conf": [0.032224806336993865, 0.14808127686283715, 0.1417950376108139, 0.06072791979165995, 0.005047247850904344, 0.02788691642701391, 0.07349490823561074], "ST_conf": [0.031628901898616564, 0.10840742557220964, 0.12745506385486338, 0.06036411608514126, 0.0014349757216375377, 0.014068960249662735, 0.06732871762290199]}, "Avg_F_Uncertainty": {"S1": [0.07548704339165566, 0.12908269576415757, 0.4716395676620354, -0.011085434786047, 0.008358873067379542, -0.0008567248530833123, 0.08602391420355954], "ST": [0.10630133277743063, 0.3888737354399957, 0.7540040175271389, 0.12385733325946846, 0.0024822733367665314, 0.06754661170396364, 0.37313871252181435], "S2": [[NaN, 0.02607981971649831, 0.008037461713324867, 0.003379973133103665, -0.01740091844465675, -0.013197267092441841, 0.012682731358881344], [NaN, NaN, 0.10314195558638395, 0.04507293427160987, 0.029898208046926382, 0.013901616386627718, 0.0040484160507438804], [NaN, NaN, NaN, -0.05560143763893784, -0.05143018773664782, -0.0057353401038155345, 0.02310703379674145], [NaN, NaN, NaN, NaN, 0.11143391037572409, 0.11413937774055692, 0.10549027096201918], [NaN, NaN, NaN, NaN, NaN, 0.0009008421640979359, -0.009909797542076798], [NaN, NaN, NaN, NaN, NaN, NaN, 0.0045284013811644624], [NaN, NaN, NaN, NaN, NaN, NaN, NaN]], "S1_conf": [0.06851224573561736, 0.13285297643761407, 0.14893641351661546, 0.052715565396851856, 0.006960063547562795, 0.0473090803594458, 0.09775733347697314], "ST_conf": [0.03267764212628074, 0.11423627760266138, 0.1460636248494435, 0.06587942053256586, 0.0009503640811905841, 0.05516620882838753, 0.12037392245239989]}, "Avg_S_Uncertainty": {"S1": [0.32992386919926536, 0.05374150520087106, 0.14142993542670587, -0.01795097007404076, -0.002578310806555335, 0.004838528896283112, -0.049194986715537334], "ST": [0.6069893419907811, 0.16737090029810966, 0.49630416632969676, 0.07825660063317925, 0.0017443922811628374, 0.005643628502906767, 0.2407626113477068], "S2": [[NaN, -0.011188139074870311, 0.11346725455564163, 0.08275887025914316, 0.027904604183653023, 0.020679246784679084, 0.07411879951734311], [NaN, NaN, -0.020179173055675875, -0.08496880713842057, -0.09950926797522934, -0.09859454644532295, -0.07200089745533621], [NaN, NaN, NaN, 0.09503650989750786, 0.06961389335230332, 0.07366330349256062, 0.17201955217000842], [NaN, NaN, NaN, NaN, -0.0031200152176176967, -0.004273097256506046, -0.004092826941179975], [NaN, NaN, NaN, NaN, NaN, 0.0036969631471825623, 0.0016591424617548936], [NaN, NaN, NaN, NaN, NaN, NaN, -0.02354283764827235], [NaN, NaN, NaN, NaN, NaN, NaN, NaN]], "S1_conf": [0.12643947424583038, 0.06831837095904142, 0.12459334718198539, 0.05346117162078798, 0.0077416563591891354, 0.01191129380141207, 0.10087580860006412], "ST_conf": [0.11759671783345382, 0.06376116808204954, 0.1382251652517808, 0.05938704614965243, 0.0017024078496523682, 0.0033308263468540353, 0.09256284693822477]}, "Avg_P_Uncertainty": {"S1": [0.00691364853417471, 0.011694336500984016, 0.13895363102318153, -0.004714171765344757, -0.0007886299638958366, -0.018899974834033644, 0.04779934503423964],