{"Adoption Rate": {"S1": [0.5838565972864008, 0.07611905862172995, 0.1123085839818314, 0.07634527963989395, 0.06393223678275632, 0.04482753124844003, 0.07229455518599463], "ST": [0.7781599737072735, 0.290502809801299, 0.3562893301588753, 0.19365308777811843, 0.23026403654487562, 0.21274177528078847, 0.19640813104688182], "S1_conf": [0.1351364309657966, 0.0851917897326451, 0.09236890903985236, 0.06807960315230871, 0.07581422877462775, 0.08739793099139993, 0.07540063988166316], "ST_conf": [0.12053037979732736, 0.0913992430588049, 0.08852149247728232, 0.07967617975669512, 0.08570968859226664, 0.08425169918516558, 0.08674191739041198]}, "Avg_F_Satisfaction": {"S1": [-0.029957521840878548, 0.1822217543951934, 0.4305663401420563, -0.04774426411269275, -0.006166835812032167, -0.05367709767516689, -0.07824049205188481], "ST": [0.22484487363493133, 0.5566841636428643, 0.7592365695905003, 0.15986704068648863, 0.21625839247729073, 0.15947400650026697, 0.2574292112292049], "S1_conf": [0.08022257909169746, 0.13479090907428265, 0.12141324416686747, 0.07304430181272789, 0.07517965904825316, 0.057901826355130484, 0.09405408966706816], "ST_conf": [0.06736942425832797, 0.10535734555272577, 0.1747775527475694, 0.061366340841593994, 0.06679927254958533, 0.05173456499830746, 0.10603770843828851]}, "Avg_S_Satisfaction": {"S1": [0.19075690302685347, 0.24049860049176325, 0.26079554829280005, 0.01244171513361673, 0.008629203912239265, 0.17628016417498502, 0.03829351835993083], "ST": [0.3513435970227421, 0.4518591217930661, 0.5717976356721575, 0.012329406319409182, 0.018598312845345615, 0.2692984883508254, 0.09574507902287305], "S1_conf": [0.09824372184304711, 0.10735890995166167, 0.12761924644379882, 0.015901149532459184, 0.015889577228377135, 0.09595453451606438, 0.03718687004704198], "ST_conf": [0.0987751840218098, 0.10005889908766856, 0.15666972643697347, 0.01069687200457197, 0.0180464786033694, 0.08529685808703619, 0.06541144368783995]}, "Avg_P_Satisfaction": {"S1": [0.023869487033447663, 0.22530355237316851, 0.3430100936134594, -0.0124797028536107, -0.012342761368109932, -0.02601961085787123, -0.03061203915350478], "ST": [0.16800412624002597, 0.7320387995623391, 0.7353019483425982, 0.12999316696388238, 0.18050409883924054, 0.21401034261939175, 0.18909392609026168], "S1_conf": [0.07834443865374982, 0.13966262368589583, 0.13941220346777547, 0.07057001875737318, 0.07086331398275335, 0.0790478793572793, 0.07190036103258783], "ST_conf": [0.059623309637368206, 0.11907036832466913, 0.1447741440208417, 0.06728757668175334, 0.08721851971254299, 0.0788924068153005, 0.08379084366805854]}, "Avg_F_Uncertainty": {"S1": [0.03579424666878851, 0.041175264229529114, 0.3331962542041064, -0.0435958617169528, 0.038205435799908, -0.021781317868150865, -0.11999927295518881], "ST": [0.4036114850230717, 0.6100671774523683, 0.760655356680136, 0.4145023625287599, 0.5422979478872116, 0.41357033095538204, 0.49755614421737465], "S1_conf": [0.09584672812025764, 0.12149064929502619, 0.16533125424355585, 0.11226698695207665, 0.12204641696156718, 0.10606780028181739, 0.10268103939924617], "ST_conf": [0.11549098501031312, 0.13868699736158133, 0.13291846017974748, 0.13785298520886652, 0.1454748916902707, 0.11493503472514466, 0.1357762870190246]}, "Avg_S_Uncertainty": {"S1": [0.4396256658430587, 0.12928661758310808, 0.19705760165866695, 0.101131301466596, 0.07049637920696086, 0.05712296276903933, 0.08581057034911785], "ST": [0.7122787996325778, 0.32992508352668776, 0.4992571518961357, 0.2477647426660776, 0.28306093626087453, 0.20459712502481106, 0.2091894167746317], "S1_conf": [0.13601407895407128, 0.0891604179258034, 0.13030810290772968, 0.09331346871102629, 0.09762846740418032, 0.0691015369980201, 0.08088231623502606], "ST_conf": [0.13324958416884644, 0.10320507616031714, 0.11710123903398205, 0.10645796372586498, 0.1046849521454012, 0.08125596435246345, 0.07664167541600228]}, "Avg_P_Uncertainty": {"S1": [0.08746174528836619, 0.08405281471862745, 0.0686439897042344, 0.10612803258470814, 0.07487049337586112, 0.016376930480803784, -0.00781568630794328], "ST": [0.5812317839524808, 0.8233909335949631, 0.92749765413433, 0.6647883986122215, 0.7766712077648052, 0.695192220821772, 0.6801546783864894], "S1_conf": [0.12544553019812393, 0.158693119338239, 0.2041154212006573, 0.12814086971673075, 0.1426675565289496, 0.15442941595094958, 0.1434410730446733], "ST_conf": [0.21464142683484902, 0.19408548206102114, 0.1984465215669152, 0.19724803201952792, 0.23841022645048918, 0.19962492520359587, 0.2093830464695997]}}