{"Adoption Rate": {"S1": [0.5360095452158334, -0.009298726466219235, 0.06316652345966936, -0.03923191993216869, -0.014503773434444572, -0.024590175001033655], "ST": [0.8300052603971615, 0.24394590044223974, 0.38519793123515045, 0.13216851150243603, 0.11976920051741131, 0.16356076923558033], "S1_conf": [0.15041325419049154, 0.07743776391895657, 0.11251826882750872, 0.055734151741701016, 0.05373036749452539, 0.06661728923666424], "ST_conf": [0.12845649256893807, 0.07644235301898462, 0.10622080442988785, 0.08042486396680752, 0.06350431722157648, 0.07331609537172397]}, "Avg_F_Satisfaction": {"S1": [-0.04154659291007954, 0.15006295307501924, 0.4419708141033396, -0.016917410041242253, 0.030588496130213926, 0.012813463510466602], "ST": [0.24182719891912546, 0.4790308618295231, 0.7620612470292617, 0.16295049670003323, 0.16153139285804505, 0.1538715847338636], "S1_conf": [0.07480826579640584, 0.11732389358949444, 0.14244768815640432, 0.06724905909020525, 0.06518602754359898, 0.05725616966150847], "ST_conf": [0.11426424750350977, 0.1032020213305183, 0.19043790192851898, 0.10167620443892796, 0.07989358504065402, 0.051346099310142224]}, "Avg_S_Satisfaction": {"S1": [0.0713114612688219, 0.1318906249154628, 0.21850001712709083, -0.018414515589822454, -0.0030417580624765134, -0.07149899042653163], "ST": [0.3138198976972093, 0.48786366661894354, 0.46216883163009703, 0.019482200254542975, 0.02081645602833851, 0.10522547278541819], "S1_conf": [0.08710318623192385, 0.1190862850490942, 0.13736047554048134, 0.02523260999124529, 0.03569751717732422, 0.056737305735430565], "ST_conf": [0.11555402842230751, 0.13199394912142198, 0.13754762661323286, 0.01632611769417237, 0.01806233233939137, 0.04956857891806661]}, "Avg_P_Satisfaction": {"S1": [-0.03893662488963922, 0.2931279772906956, 0.24445943109305823, 0.010780783684747771, -0.010364111741970102, -0.023014897089251814], "ST": [0.14478303975916565, 0.6796860089892952, 0.7165152539006795, 0.16855447549717387, 0.11262456950279667, 0.23564609772722653], "S1_conf": [0.07342075311740294, 0.14113094550656455, 0.13945876922460237, 0.07686883927778931, 0.07062860338281918, 0.08468342523426221], "ST_conf": [0.06741806144154834, 0.13939374617919884, 0.13730191409957587, 0.08652170576778591, 0.07725360392648487, 0.09349599667024548]}, "Avg_F_Uncertainty": {"S1": [-0.0199512369095978, 0.03459785352677134, 0.44554614727701947, -0.02811970150214386, 0.06733380944114101, 0.011539525309162376], "ST": [0.3721536186386831, 0.4814623025297973, 0.8484171067396004, 0.383011217910141, 0.3735290532015146, 0.4848348821828277], "S1_conf": [0.09915212701346252, 0.10208523027221408, 0.16474611039460996, 0.11981396760123521, 0.11971609882390341, 0.12404400079843604], "ST_conf": [0.11089593192961208, 0.13588548152772567, 0.1299160516142918, 0.1295066683248215, 0.15429762259725416, 0.14092394331015148]}, "Avg_S_Uncertainty": {"S1": [0.41179818926515055, 0.019832656315685867, 0.133832154012809, -0.019557280853415848, 0.0010039248646088726, -0.029713137605842755], "ST": [0.7331099215960012, 0.28668227846259925, 0.4471624992803001, 0.11984383561247818, 0.1217071970754435, 0.20664831501928568], "S1_conf": [0.14546595578785382, 0.08570952531827432, 0.11771358647727238, 0.06863745445201873, 0.066408547988186, 0.09113030816013473], "ST_conf": [0.11621636468141729, 0.08867818549517459, 0.11744059139997752, 0.06031715783824889, 0.06346956363451439, 0.08771158509631663]}, "Avg_P_Uncertainty": {"S1": [-0.03238355709483337, -0.06806095572304467, 0.10581775383188323, -0.023169599239524257, -0.0013780483367299055, 0.028166069596740503], "ST": [0.666032146210373, 0.7099498327879563, 0.9203695754858245, 0.5356153899332615, 0.7612511367966821, 0.7964889739711783], "S1_conf": [0.11074062832970707, 0.11149700672384258, 0.1786233313462273, 0.09989778008249985, 0.11610451824361669, 0.13632426097078154], "ST_conf": [0.22913214885373945, 0.22733700641100807, 0.19170821449199515, 0.21625194224867075, 0.22483763254434677, 0.21913154358090242]}}