{"Adoption Rate": {"S1": [0.7558620399854452, -0.0029421041588014525, 0.01281877915656933, 0.03778399730555958, 0.041018409469768626, 0.020603433618037154], "ST": [0.9960105910337914, 0.13868464939003286, 0.20325044854617216, 0.10077912241973416, 0.11135373455432115, 0.10514920621658333], "S1_conf": [0.15387276395306543, 0.06008295243349818, 0.06400247213393621, 0.056658263795841594, 0.0593773865701435, 0.05565349509678697], "ST_conf": [0.13835767942015548, 0.051722625569032676, 0.07581176944630018, 0.052847390997590823, 0.056127960031019435, 0.043563231702623495]}, "Avg_F_Satisfaction": {"S1": [-0.019663054843874043, 0.38803839480385227, 0.32637232098321095, 0.08901441390186637, 0.03110500836939564, 0.037809175928437744], "ST": [0.28620835785683335, 0.9187561611081382, 0.6528187162742529, 0.3685246182854547, 0.10279613143939827, 0.22444748766785363], "S1_conf": [0.07468605409713552, 0.14671684577626937, 0.14056635794765154, 0.0906504826846215, 0.04707981320419888, 0.06652911056688444], "ST_conf": [0.19335216837254282, 0.25107679608713973, 0.20317665723824266, 0.2083004253005716, 0.044858646282089805, 0.1676834224700627]}, "Avg_S_Satisfaction": {"S1": [0.18392009529726663, 0.22084192790429272, 0.13356487506945916, -0.03397050907054438, -0.03317983827967878, 0.04265126913804489], "ST": [0.41252338794201954, 0.5928552838961867, 0.40338384400916866, 0.08675039369225954, 0.09087172747266496, 0.1739661077743253], "S1_conf": [0.11340173788690161, 0.12181126085185225, 0.0969198113362578, 0.05567400184379663, 0.05734181130939303, 0.07598282660755463], "ST_conf": [0.114453099009743, 0.1423356183861763, 0.12052184285829512, 0.04658260016784178, 0.051265132372960695, 0.06064051096924526]}, "Avg_P_Satisfaction": {"S1": [0.005995958978808021, 0.28862872419520424, 0.1416332580794248, 0.01801357047405432, -0.019317498278379665, 0.030107983278163643], "ST": [0.24525213459494902, 0.8354375397637068, 0.622434956394366, 0.1995137230367877, 0.2173035775075005, 0.27407285602016723], "S1_conf": [0.09953587820288788, 0.15333069988902803, 0.15186884932320036, 0.08256951552746382, 0.10402584621934023, 0.12388331635340961], "ST_conf": [0.07676408054558448, 0.12188320722297834, 0.1304945339871042, 0.09261336710784288, 0.10095602418883394, 0.08019712580254532]}, "Avg_F_Uncertainty": {"S1": [0.2523252920905779, 0.07508538867372244, -0.13801112393660062, -0.013360005919032358, -0.03216293982438632, -0.049796389115512193], "ST": [0.8267143686049473, 0.7989358466320291, 0.4640052753867288, 0.5131256626743852, 0.22255890810294898, 0.5155948982738232], "S1_conf": [0.13866455046945284, 0.12650893199304247, 0.12211539516348671, 0.10189397883956813, 0.06422294247304544, 0.13227068395385766], "ST_conf": [0.292798602976345, 0.33312747876421117, 0.18024312538063336, 0.22803307609965304, 0.11290359688254033, 0.3063378106644687]}, "Avg_S_Uncertainty": {"S1": [0.5684294116193283, 0.04522310085224624, 0.043007760526154855, 0.058424948823856855, 0.05307722770175377, 0.038788595519580894], "ST": [0.8521682781551219, 0.24730719224785522, 0.34241836464676967, 0.1540180475447665, 0.16098983445333975, 0.18925288910844157], "S1_conf": [0.16699139560052942, 0.08967536480629756, 0.11039349527116757, 0.06958404198294378, 0.07498624279090975, 0.0904602892522949], "ST_conf": [0.13428707734628978, 0.09345202613252891, 0.11059022885650718, 0.07970777554164281, 0.08034753132413235, 0.06295723186999039]}, "Avg_P_Uncertainty": {"S1": [-0.013520108175909455, 0.0420428037752698, 0.33078681867959325, -0.08756343965982825, -0.006365298288980627, 0.01301285363714881], "ST": [0.47549270639021834, 0.6649376880310202, 0.7807250007625913, 0.36658219317832647, 0.3154438377123751, 0.31673958067641494], "S1_conf": [0.08539243482131277, 0.11920988074175747, 0.12688682333281315, 0.08544946431424505, 0.06436771154420566, 0.06984976443233713], "ST_conf": [0.19790771777518457, 0.20829582943526848, 0.15658919031652832, 0.1284110214289875, 0.12193562038631439, 0.08919845761559406]}}