{"Adoption Rate": {"S1": [0.8094425310247254, 0.05496096077846429, 0.0012678147136116337, 0.014664976941604511, 0.05850882967590387, 0.05870411429078947, 0.04621889774040643], "ST": [1.0171584513060283, 0.22366132076329914, 0.2011944769097213, 0.19381516167437157, 0.1390260538837873, 0.20295652472057088, 0.1609923505459465], "S1_conf": [0.1559635932809462, 0.09104460105433239, 0.08028771748905607, 0.07157559617785392, 0.06883105687397102, 0.08481259152419347, 0.07103694854330783], "ST_conf": [0.14724951534841926, 0.08237814319371697, 0.07445888522697443, 0.07375879744130434, 0.07399247634515638, 0.08309648320963312, 0.0656804231885814]}, "Avg_F_Satisfaction": {"S1": [0.13215304654645504, 0.2788069040517835, 0.34255834487669545, 0.020098792906003037, 0.036409238385372834, 0.10107470150386612, 0.04746019973869227], "ST": [0.3899973896111798, 0.6509220732874571, 0.7687895520562431, 0.20031875472641794, 0.24807854761902817, 0.3749707983796695, 0.40679570068456666], "S1_conf": [0.18434549490238253, 0.13543650930998372, 0.1364928104459036, 0.059644919762188255, 0.07186404894225026, 0.12948076538219863, 0.10998475334206947], "ST_conf": [0.1298572341593958, 0.1765482063360685, 0.20331029017599414, 0.11131805501404764, 0.12973303707035103, 0.1463507890809564, 0.25136010330755965]}, "Avg_S_Satisfaction": {"S1": [0.07744753570434601, 0.17513739096921122, 0.022915134788716898, 0.0023983570165761344, 0.0015060527455244643, 0.41680446889330774, 0.13594850784482904], "ST": [0.16413949414789275, 0.21916771482088063, 0.14966642156831061, 0.023950694345331924, 0.023012464112776607, 0.5877074530187811, 0.31057452645379974], "S1_conf": [0.07117868350107182, 0.09711578522608523, 0.05865901801459083, 0.023000111185612758, 0.02247620102803025, 0.15474750086080083, 0.08455317799437846], "ST_conf": [0.059900390962749746, 0.05991341937727903, 0.05699085897813503, 0.020792214431303333, 0.021835659309978092, 0.1267365899646794, 0.08817936507916031]}, "Avg_P_Satisfaction": {"S1": [-0.03297830527138208, 0.2475184713849839, 0.006141850164296161, -0.046459434270990564, -0.09104851327356002, -0.07380188669611963, -0.07095271330935507], "ST": [0.31630523400643656, 0.9019655658172977, 0.6177757029344266, 0.23617991996796633, 0.27631554338442366, 0.3436210067371812, 0.34671086509897464], "S1_conf": [0.10288430666781087, 0.1586707128240437, 0.1492701670364351, 0.07409319096341765, 0.09330979509596848, 0.0925473422273219, 0.08726894371458035], "ST_conf": [0.1045144150913671, 0.14139626409712108, 0.14906075292223767, 0.09154356041876466, 0.09959293511033426, 0.10283071581423531, 0.11759371948717033]}, "Avg_F_Uncertainty": {"S1": [0.22720800162617175, -0.06643688157253173, -0.008501399128518715, -0.017544843409942598, -0.059476986154185514, -0.05197679279551914, 0.015186566037344428], "ST": [1.0209379599081019, 0.7817011174854667, 0.6839507366030817, 0.4653806287834243, 0.5307512670378258, 0.6575017785158487, 0.831232103225662], "S1_conf": [0.2150862757717385, 0.14068591670762395, 0.18040807973999903, 0.09587350420045387, 0.08717880130758549, 0.17023322692000856, 0.13691012061549143], "ST_conf": [0.27964620337689144, 0.2352846117847571, 0.1914947003495182, 0.223370017373538, 0.23947534917355157, 0.1954689997743678, 0.3695930265257248]}, "Avg_S_Uncertainty": {"S1": [0.6283033558438031, 0.08311515516175222, 0.042134455658753026, 0.0030861821154967036, 0.0548586334713817, 0.0890062536780365, 0.0890536139129944], "ST": [1.0022263768716821, 0.3626193710323923, 0.35370229037247347, 0.3349852833463048, 0.2426396591967411, 0.3592070344506752, 0.3514701642775891], "S1_conf": [0.15255185539003602, 0.10843821167509522, 0.098865958023285, 0.10245712746091336, 0.09322857324911372, 0.1144215687661268, 0.10560213437142453], "ST_conf": [0.14687244072313108, 0.12194972782350703, 0.117967447982892, 0.12927418843106434, 0.1120505307526575, 0.133759850082394, 0.117217978342284]}, "Avg_P_Uncertainty": {"S1": [0.1047692093637165, 0.03680213420161828, 0.350711326814638, 0.09498629019445563, 0.03612667684777791, 0.134390629071171, 0.0684120573361784], "ST": [0.5491739323899105, 0.6963616099281565, 0.7121266427384649, 0.45514111774719435, 0.4313410810394331, 0.5741818910568062, 0.4232869239390372], "S1_conf": [0.141540350074869, 0.16264011422883676, 0.1498906368751282, 0.12275129502943734, 0.08559878648354574, 0.13636390849703398, 0.11837255767692781], "ST_conf": [0.236057733378899, 0.2165923533790857, 0.14690960033604136, 0.18676433087229172, 0.20744101925284203, 0.24044716835481664, 0.1648981642995497]}}